id,fullName
3087,Cinequest Distribution
3088,imX Communications
3089,Iridium Entertainment
3090,Becker Films Intl.
3091,Brink Productions
3092,Deuce Three Prods.
3093,Accidental Films
3094,Electric Eye Entertainment Corporation
3095,The Filmmakers Inc.
3096,MBS Productions
3097,Niama Film
3098,Red Baron Productions
3099,VIP 4 Medienfonds
3100,Endgame Entertainment
3101,Showbox Entertainment
3102,Younggu-Art Movies
3103,Bear Island Films
3104,Ramco Films
3105,Guerrilla Films Inc.
3106,Morena Films
3107,Telecinco Cinema
3108,Lev Cinemas
3109,Casey Silver Productions
3110,Smoke House
3111,Videntia Frames Producciones S.L.
3112,Monfort Producciones S.L.
3113,Focus Films
3114,CrashCam Films
3115,Coalition Films
3116,Foundation Films
3117,Big River Pictures
3118,Cinemarr Entertainment
3119,Scholastic Productions
3120,Michael London Productions
3121,Saavn
3122,Reelmachine
3123,DCTV Productions
3124,Far Cry Productions
3125,Brightlight Pictures
3126,Boll Kino Beteiligungs GmbH &amp; Co. KG
3127,The 7th Floor
3128,Gardener of Eden Productions
3129,Virtual Studios
3130,Mayon Film
3131,Trace Entertainment LLC
3132,Providence Films
3133,Région Haute-Normandie
3134,Remstar Productions
3135,Uni Etoile 4
3136,Cinémage 2
3137,Natixis Coficiné
3138,Uni Étoile 5
3139,Banque Populaire Images 8
3140,Tule River Films
3141,Ecosse Films
3142,Other German Cinema Distributor
3143,Blueprint Pictures
3144,Saltmill Prods.
3145,American Sterling Productions
3146,Mattie Fresno Film Group LLC
3147,Warner Independent Pictures
3148,Neal Street Productions
3149,Landscape Entertainment
3150,Larger Than Life
3151,Beckett Films
3152,Clyde Comedy
3153,Purple Mountain Productions
3154,Articulus Entertainment
3155,Quorum Entertainment
3156,Associated Film Producers
3157,Callahan Filmworks
3158,ABL Communications LLC
3159,Shanghai Film Group
3160,Southpaw Entertainment
3161,Eleven Eleven Films
3162,Insomnia Media Group
3163,Green Apple Entertainment
3164,Inferno Distribution
3165,Shukovsky English
3166,Sidetrack Films
3167,Perception Media
3168,Blacklake Productions
3169,Stuber-Parent
3170,Film 44
3171,Shaftesbury Films
3172,Goalpost Pictures
3173,Film Finance
3174,Deacon Entertainment
3175,No Hands Productions
3176,Shami Media
3177,Good Films
3178,Pallas Film
3179,Wicked Pixel Cinema
3180,Région Ile-de-France
3181,Buskin FIlms
3182,Ascension Pictures
3183,Red Cam Studios
3184,Middle Link
3185,Thema Production
3186,Death&#39;s Door Productions
3187,Elevation Filmworks
3188,Ursa Major Films LLC
3189,Filmgraphics Entertainment
3190,Stick It in Detroit LLC
3191,Parallel Zide
3192,WWE Films
3193,Sidestreet Entertainment
3194,The Orchard
3195,Moonlighting Films
3196,Anchor Bay Entertainment
3197,Jesse Films Inc.
3198,Ten Thirteen Productions
3199,Camera 40 Productions
3200,Eurimages Fund of the Council of Europe
3201,Norsk Filmfond
3202,Roy Andersson Filmproduktion AB
3203,4 1/2 Film
3204,Red Hour Films
3205,Mobius Entertainment
3206,El Norte Productions
3207,Nuyorican Productions
3208,Fortissimo Film Sales
3209,Vinland Productions Canada Inc.
3210,TAG Entertainment
3211,Epic Level Entertainment
3212,Lazona Films
3213,Continental Producciones S.L.
3214,Nephilim Producciones
3215,Castelao Producciones S.A.
3216,S.A.
3217,Moving Picture Company
3218,Blue Light
3219,The Final Season
3220,Final Partners
3221,Fobia Films
3222,MHF Zweite Academy Film
3223,Marvel Studios Inc.
3224,Valhalla Motion Pictures
3225,TFM Distribution
3226,20th Century Fox Animation
3227,Rebel Zone Films
3228,Freedom Films
3229,CW Productions
3230,Ladd Company
3231,Sterling Pictures Ltd.
3232,Mandala Films
3233,Hal Lieberman Co.
3234,Ford Films
3235,Mirage Studios
3236,Heitmann Entertainment
3237,Zen Mountain
3238,Williams Street
3239,Intandem Films
3240,Film 4
3241,Twisted Pictures
3242,Dramatic Forces
3243,Remstar
3244,North Star Pictures
3245,Johnny Tao Productions LLC
3246,Cineclick Asia
3247,Boll KG
3248,Film Brokers International
3249,Ringleader Studios
3250,ApolloProScreen Filmproduktion
3251,Hooks and Taylor Entertainment
3252,Ocule Films
3253,Bird and a Bear Entertainment
3254,FilmEngine
3255,InDigEnt
3256,Virtual Films
3257,Rising Star
3258,Ascendent Pictures
3259,Independent Television Service
3260,City Lights Pictures
3261,Fox Atomic
3262,Koan Films
3263,Novo RPI
3264,Tripictures S.A.
3265,Pathé-Renn Productions S.A.S.
3266,Red J Films
3267,Cinepro Pictures International
3268,Rodar y Rodar Cine y Television
3269,Junction
3270,Red Duck Films
3271,Right Hand Man Films
3272,Stag Knight Ltd.
3273,Armada Pictures
3274,Lunar Films
3275,Capricorn Pictures
3276,Timbergrove Entertainment
3277,Ginny Mule Pictures
3278,Launchpad Productions
3279,Firm Films
3280,Depth Entertainment
3281,Homage to 1956 LLC
3282,Forest Productions
3283,Screen Magic Entertainment
3284,Redwood Palms Pictures
3285,Olliewod Films
3286,Tama Films
3287,Konwiser Brothers
3288,Jaffle Productions
3289,Summertime Films
3290,Her Best Move LLC
3291,Scamp Film and Theatre Ltd.
3292,J&amp;J Jakubisko Film
3293,Selman Productions
3294,Rabbit Bandini Productions
3295,Fourwheeldrive
3296,Whitsett Hill Films
3297,Original Media
3298,Periscope Entertainment
3299,Armor Films
3300,Night &amp; Day Pictures
3301,Gibraltar Entertainment and Production LLC
3302,Milkshake Films
3303,Post Central
3304,Voice Pictures Inc.
3305,September Dawn LLC
3306,Angel Films
3307,Fenix Pictures
3308,Autumn Entertainment
3309,LIFT Productions
3310,Studio Hamburg WorldWide Pictures
3311,Macari/Edelstein
3312,Hoptza! Films
3313,Güespa Films
3314,Premonition Pictures
3315,Duly Noted Inc.
3316,Blackfriars Bridge
3317,Samuels Media
3318,Nala Films
3319,Snails Pace Productions
3320,Vent Productions
3321,Apatow Productions
3322,Czar Pictures
3323,Hollywood Storm
3324,Film House Bas Celik
3325,Mediopolis Film- und Fernsehproduktion
3326,Balance Vector Productions
3327,Monterey Media
3328,Bleiberg Entertainment
3329,July August Productions
3330,Adam Productions
3331,3L Filmproduktion GmbH
3332,HDNet
3333,Adante Productions
3334,Rubicon TV AS
3335,Metronome Productions
3336,Highland Myst Entertainment
3337,Candlelight Media Group
3338,Heimerdinger Entertainment
3339,Column Productions
3340,Zeppelins Integrals Produccions
3341,S.
3342,Fine Productions
3343,Karbo Vantas Entertainment
3344,Cut-Scene Productions
3345,Willoughby Productions
3346,Silver Nitrate Pictures
3347,Silver Storm Productions
3348,1976 Experience
3349,O&#39;Connor Brothers
3350,Rapturious LLC
3351,Vanguard Animation
3352,O2 Filmes
3353,Laroux-Ciné
3354,Chaya Films
3355,Unclaimed Freight
3356,Freeze Frame Entertainment
3357,Deal Me In LLC
3358,Burnt Orange
3359,Stone Village Productions
3360,Kosmic Film Entertainment
3361,Producciones Tercer Mundo
3362,UniGlobe Entertainment
3363,American Pride Films Group
3364,Blueprint Film
3365,Old World Films
3366,System Forty Eight Ltd.
3367,Firehouse Films
3368,Quasiworld Entertainment
3369,nWave Pictures
3370,McGee Street Productions
3371,Waterfront Productions [us]
3372,2929 Productions
3373,Florentine Films
3374,K-Star
3375,Safe Harbor Productions Inc.
3376,Hirsch Productions
3377,Goff-Kellam Productions
3378,Artina Films
3379,The Living Wake LLC
3380,Mangusta Productions
3381,Script Pipeline
3382,Truly Original
3383,Elbow Grease Pictures
3384,Man in the Chair
3385,Mukta Arts Ltd.
3386,Irish DreamTime
3387,Morocha Films
3388,Arritmia Ltd.
3389,NDF International
3390,Montfort Producciones
3391,Sunlight Productions
3392,Armada Productions
3393,Heimatfilm
3394,Iberoamericana Films Producción S.A.
3395,ArieScope Pictures
3396,Coattails Entertainment
3397,LasalleHolland
3398,Corda Productions
3399,Potboiler Productions
3400,MMM Film Finance International
3401,Tree Media Group
3402,Participant
3403,Wild at Heart Films
3404,Dream Out Loud Productions
3405,Universal Signs Productions
3406,Vice Versa Film
3407,Rhombus Media Inc.
3408,Blue Cactus Pictures
3409,CinemArt
3410,Epinephrine Filmworks
3411,Brightlight Pictures Inc.
3412,Washington Square Films
3413,Kamala Films
3414,Mediapro Pictures
3415,ScreenArt
3416,Revolver Amsterdam
3417,Media Luna Entertainment
3418,Avenue Pictures Productions
3419,Raw Nerve
3420,International Production Company
3421,Next Entertainment Inc.
3422,Formula Films PLC
3423,Silverbell Films
3424,Independent Pictures
3425,Slipstream LLC
3426,Bonne Pioche Télévision
3427,Chatzpah Films
3428,Falling Sky Entertainment
3429,Vulcan Productions
3430,SPE Films
3431,SLB Films Pvt. Ltd.
3432,John Davis
3433,Brandywine Productions
3434,Piandaryan Films
3435,De Line Pictures
3436,Darius Films
3437,Paradox Pictures
3438,Neo Art &amp; Logic
3439,Rick Lashbrook Films
3440,Région Wallone
3441,Samsa Film
3442,Future Films
3443,Mitteldeutsche Medienförderung
3444,Ipso Facto Films
3445,Le Tax Shelter du Gouvernement Fédéral de Belgique
3446,Liaison Cinématographique
3447,Ateliers de Baere
3448,Fonds Eurimages du Conseil de l&#39;Europe
3449,RTBF
3450,Film Fund Luxembourg
3451,Manufacturas audiovisuales
3452,Costa do Castelo Filmes
3453,Heart of the Earth Productions Limited
3454,Future Films Limited
3455,Moriah Films
3456,On the Road
3457,Studio Babelsberg
3458,Bioskop Film
3459,Documentary Channel
3460,Barton Films
3461,Kinderfilm
3462,Meyer &amp; Associates
3463,Front Range Films
3464,Guy Walks into a Bar Productions
3465,Indalo Productions
3466,Lighthouse Productions
3467,Avex Inc.
3468,Genki Shobou
3469,Fields Entertainment
3470,Mental Pictures
3471,Sienna Films Inc.
3472,Hart/Lunsford Pictures
3473,Snapper Films Oy
3474,Captain Movies
3475,This Is That Productions
3476,Surly Puppy
3477,Fake Wood Wallpaper
3478,Studio G Motion Pictures
3479,Imageworks Entertainment International
3480,Chicago Pictures
3481,Out of Pocket Films
3482,Artomas Communications
3483,Tu Vas Voir Productions
3484,Metro Communications
3485,Strongheart Pictures
3486,Sunday Morning Productions
3487,Carsey-Werner Films
3488,Z3 Films
3489,Ten Thirty-One Pictures Entertainment
3490,Our Stories Films LLC
3491,Flavor Entertainment Unit
3492,Rice Films
3493,Ronalds Brothers Films
3494,Hollywood Phoenix Studios
3495,Apple Crate Entertainment
3496,E1 Entertainment
3497,Indian Paintbrush
3498,Persistent Entertainment
3499,Asgaard Entertainment
3500,Power Productions
3501,Moonlighting
3502,Shoot the Moon Productions
3503,New Line Home Entertainment
3504,Bleeding Hart Films
3505,Morningstar Films
3506,Hand &#39;n&#39; Hand Films
3507,Sci Fi Pictures
3508,Revolver Entertainment
3509,Regent Releasing
3510,4044 Productions
3511,Jammed Films
3512,Picture Tank
3513,Cinetic Media
3514,CTV International
3515,Fado Filmes
3516,Screen Media Films
3517,North by Northwest Entertainme
3518,Littlestar
3519,Prime Time
3520,Automat Pictures
3521,Sandrew Metronome Distribution Finland
3522,Seven Films
3523,Upload Films
3524,Crook Brothers Productions
3525,Rockaway the Movie
3526,Panamax Films
3527,Off Hollywood Pictures
3528,Echo Lake Productions
3529,CMO Producciones
3530,Blue Collar Films
3531,Sleeping Marmots
3532,FilmFrog Productions
3533,Suntaur Entertainment Company
3534,Filmax
3535,Braveart Films
3536,Warner Premiere
3537,Tasty Pixels Inc.
3538,Purple Pictures
3539,Nevinny / Ramer Productions
3540,Adrenalina Films
3541,Image Studio
3542,P2 Productions
3543,Farmview Films
3544,Sofica Europacorp
3545,Media 8 Entertainment
3546,Schramm Film Koerner &amp; Weber
3547,Columbia Pictures Producciones Mexico
3548,Lama Films
3549,Tartan Productions
3550,Halcyon Pictures
3551,River Road Entertainment
3552,Jean Doumanian Productions
3553,Rose Pictures
3554,2008NY5
3555,Ever So Close
3556,Vivendi Entertainment
3557,Also Known As Pictures
3558,Grand Army Entertainment
3559,Visitor Pictures
3560,Fondation GAN pour le Cinéma
3561,French Connection Animations
3562,Soficinéma 3
3563,Sony Pictures Television
3564,Realitism Films
3565,Backup Films
3566,Yari Film Group
3567,Odyssey Entertainment
3568,Coop99
3569,ORF
3570,kahuuna films
3571,Believe Pictures
3572,Jinks/Cohen Company
3573,White Feather Films
3574,Bandora
3575,Nomoneyfun Films
3576,CCCP
3577,Quad Productions
3578,Magnolia Films
3579,Eyethink Pictures
3580,Eden Wurmfeld Films
3581,Bentley Film Group
3582,Les Films du Requin
3583,Telos Video
3584,Vilio Bros Productions
3585,Bill Maher
3586,Filmes do Tejo
3587,ProdigyMovies
3588,Linn Productions
3589,Whitewater Films
3590,Mungo Productions
3591,NOW Films
3592,IDT Entertainment
3593,Intrinsic Value Films
3594,Evanstone Films Ltd.
3595,HDNM Entertainment
3596,aWounded Knee
3597,W. P. Donnelly & Associates
3598,Wales Creative IP Fund
3599,Rainy Day Films
3600,Sarah Radclyffe Productions Limited
3601,Les Films de la Lymphe
3602,Backup Media
3603,Nippon Television Network
3604,HK Film Production
3605,K2 Pictures
3606,Most Wanted Films
3607,IndieFlix
3608,The Mayhem Project
3609,Nine Lives Documentary Productions
3610,Les Chauves-Souris
3611,ShadowCatcher Entertainment
3612,Two Ton Films
3613,Cinéfondation
3614,Les Films de Beyrouth
3615,Ministère des Affaires étrangères et du Développement International
3616,Fonds Sud Cinéma
3617,Roissy Films
3618,Sunnyland
3619,Ministère de la Culture et de la Communication
3620,Ministère Libanais de la Culture
3621,Les Films du Kiosque
3622,Macumba Films
3623,Negret Films
3624,Indiepix
3625,Pureland Pictures
3626,Orchard Park Productions
3627,Riviera Films
3628,Hatchet Films
3629,Truth Spirit Films
3630,Audley Films
3631,EM Media
3632,Anarchist&#39;s Convention Films
3633,Turn Soul Films
3634,S.V. Thrilling Movies Inc.
3635,Sound Venture Productions
3636,Outrage Productions
3637,Modernciné
3638,Modern Girl Productions
3639,Jinga Film
3640,1 Degree Pictures
3641,TigerLily Media
3642,Emperor Classic Films
3643,Medienboard Berlin-Brandenburg
3644,Volume One
3645,Reservation Road
3646,Random House Films
3647,Fireside Studios
3648,Fastback Pictures
3649,Friday Night Entertainment
3650,Morena Films S.L.
3651,AMC Pictures
3652,Namesake Entertainment
3653,Brandman Productions
3654,CinemaLab
3655,Freie Film Produktion GmbH &amp; Co.
3656,Hamburg
3657,Real-Film GmbH
3658,Kisi Production
3659,The Icelandic Filmcompany
3660,Go Films
3661,Picture Rock Entertainment
3662,Downstream Productions
3663,Mandalay Television
3664,Ninth Street Studios
3665,Capital Arts Entertainment
3666,Tempête Sous un Crâne
3667,3L Filmproduktion
3668,Polaris Productions
3669,Nominated Films
3670,Film Science
3671,Tres Tunas
3672,Kadokawa Pictures
3673,Raise The Bar Productions
3674,Jaffe/Braunstein Films
3675,Chesler/Perlmutter Productions
3676,LeisureSuit Media
3677,Ram Bergman
3678,Venice Productions
3679,DOR Film-West Produktionsgesellschaft mbH
3680,Bavaria Filmverleih und Produktions GmbH
3681,Hammer and Tongs
3682,NBC Universal Television
3683,Enlight Pictures
3684,Beijing Poly-bona Film Publishing Company
3685,Film Workshop Ltd.
3686,American Cinema International
3687,Company Pictures
3688,Slingshot Productions
3689,A-Film Distribution
3690,01 Distribuzione
3691,Guest House Films
3692,Buffalo Gal Pictures
3693,Chang Hong Channel Film &amp; Video
3694,Emperor Motion Pictures
3695,Cicala Filmworks
3696,235 Films
3697,Artfire
3698,Romero-Grunwald
3699,Finlands Svenska Television
3700,Insight Film Studios
3701,Ingenious Broadcasting
3702,Imagination Worldwide
3703,Spark Media
3704,Unity Productions Foundation
3705,Modern Life
3706,David Hannay Productions
3707,Vitascope Filmed Entertainment
3708,Snoot Entertainment
3709,iDeal Partners Film Fund
3710,Littlest Birds Films
3711,Sean Daniel Company
3712,Shanghai Film Studio
3713,Jane Startz Productions
3714,Warrior Entertainment/York Entertainment
3715,The Bureau
3716,Bee Vine
3717,Triptych Media
3718,Quanta Centro de Produções
3719,Kalinga Productions
3720,Big Beach
3721,Atopia
3722,Magnolia Mae
3723,TS Productions
3724,7 Things Productions
3725,Senator Entertainment
3726,Mockingbird Pictures
3727,RHI Entertainment
3728,Alpine Medien Productions
3729,PDP Productions
3730,Next Turn Productions
3731,Balthazar Productions
3732,Embark Productions
3733,B+BOY Productions
3734,Nomadic Pictures
3735,Alliance Atlantis Vivafilm
3736,Falcon
3737,Access Motion Pictures
3738,Michaels/Goldwyn
3739,Schmidtz Katze Filmkollektiv
3740,Cinenord Spillefilm
3741,Cook Ding
3742,Poste Image
3743,Film 99 Francs
3744,Cofimage 18
3745,Légende Films
3746,Arte France
3747,Fidecine
3748,Nomad Productions
3749,Les Films Pelléas
3750,Six Sense Productions
3751,Element Pictures
3752,Filmförderung Hamburg
3753,Corazón International
3754,Anka Film
3755,Disneynature
3756,M6
3757,Mai Juin Productions
3758,Palmeraie et Désert
3759,Pierre Grise Distribution
3760,France
3761,Maya Cine Digital
3762,Palladin Pictures
3763,Full Moon Angel Cine Independente
3764,Quixotic Endeavors
3765,Chris Fetchko Productions
3766,Melenny Productions
3767,Cosmopolitan
3768,Warning Films
3769,WinSome Productions
3770,An Indigo Dog Rescue
3771,Star Cinema
3772,JB Media
3773,Eagle Vision
3774,Papa Joe Films
3775,Amka Films Productions
3776,Pierre Javaux Productions
3777,Denver and Delilah Productions
3778,Zero Fiction Film
3779,Les Films 13
3780,Red Envelope Entertainment
3781,Safehouse Pictures
3782,Reno Productions
3783,Making Movies Oy
3784,Senator Film Produktion GmbH
3785,Palisades Tartan Films
3786,Wildwood
3787,VCI Entertainment
3788,Journey Films
3789,Black Camel Pictures
3790,Dangerous Wounded Animals
3791,Kish Prods.
3792,Dirt Road Prods.
3793,Concert Productions International
3794,Daylight Productions Ltd
3795,Recorded Picture Company
3796,Johnson Production Group
3797,Constellation
3798,Red Five Entertainment
3799,Hollywoodmade
3800,Participant Prods.
3801,Yalla Film
3802,360 Pictures Inc.
3803,ZDF
3804,Astrakan Films
3805,Taproot Productions LLC
3806,Third Coast Media Group
3807,E-motion Film
3808,uFilm
3809,Rhône-Alpes Cinéma
3810,Alicéléo Cinéma
3811,Région Rhône-Alpes
3812,Integral Film
3813,Sundream Motion Pictures
3814,Carnaby International
3815,Hanover Films
3816,Kelly&#39;s Filmworks
3817,Edgewood Pictures
3818,SD Entertainment
3819,Cart Horse Films
3820,Small Pond Pictures
3821,Mark E. Lee Productions
3822,QVF Inc. Films
3823,Glass Eye Pix
3824,Lifeline Entertainment
3825,Le Bureau
3826,France 3
3827,Jaibol Films
3828,Les Productions Bagheera
3829,Saga Film
3830,Jizzy Entertainment
3831,FiGa Films
3832,Cinema Libre Studio
3833,Alfa Films
3834,Central Arts
3835,Toei Picture Company Productions
3836,Crystal Star Productions Ltd
3837,Alchemist Entertainment
3838,Noble House Film &amp; Television
3839,Philms Pictures
3840,TWS Productions II
3841,Ugly Duckling Films
3842,Gaumont International
3843,Left Turn Films
3844,Thriller
3845,Azurelite Pictures
3846,Infinity Features Entertainment
3847,ZP Studios
3848,Fever Dreams
3849,Olga-Film GmbH
3850,Big Pine Holdings
3851,P.J. Pictures
3852,Zin Haze Productions
3853,Intellectual Properties Worldwide
3854,Shocking Bottle
3855,EOS Entertainment
3856,MR Filmproduktion
3857,Scatter Scream Productions
3858,Ohio Filmmakers LLC
3859,Nimbus Film ApS
3860,Helsinki Filmi Oy
3861,LGM Productions
3862,Gaumont Production
3863,TalkStory Productions
3864,Tumidor
3865,Fog City Pictures
3866,Peter Schamoni Film
3867,Gulfcoast Film Partners
3868,Woestijnvis
3869,Mandarin Production
3870,Rigel Entertainment
3871,San Saba Productions
3872,Kartemquin Films
3873,Crombie Film
3874,Yalta-Film
3875,Speranza Films A/S
3876,La Paloma Films
3877,Norsk Rikskringkasting
3878,Luftmensch Films
3879,Afterwards Productions
3880,Umedia
3881,Lemming Film
3882,A Private View
3883,Nederlandse Programma Stichting
3884,Novapool
3885,Present Pictures
3886,Futurikon
3887,Trixter Productions
3888,Luxanimation
3889,Kidnapperfilms
3890,Plinyminor
3891,Lightspeed Media
3892,Big City Pictures
3893,Swingin&#39; Productions
3894,Cetus Productions
3895,Kandor Graphics S.L.
3896,Perro Verde FIlms S.L.
3897,Green Moon España S.L.
3898,Geisberg Studios
3899,Logie Pictures
3900,Cass Films
3901,Arthur Cohn Productions
3902,Evamere Entertainment
3903,The Global Film Initiative
3904,Grack Films
3905,Digital Shadow Films Distribution LLC
3906,Chemical Burn Entertainment
3907,Stage 6 Films
3908,Final Cut Productions
3909,Kasbah-Film Tanger
3910,Warrior Poets
3911,Non-Linnear Films
3912,Bend It Films
3913,Southwater Pictures
3914,Stormheart Oy Ltd
3915,Di San Luca Films
3916,North by Northwest Entertainment
3917,Hopeful Monster
3918,String and A Can Productions
3919,Chaos Productions
3920,ZenHQ Films
3921,Boll
3922,Tunnel Rats Productions
3923,Horst Hermann Medienproduktion
3924,Shine Pictures
3925,Keylight Productions
3926,Kudos Productions
3927,The Carberg Studio
3928,Fractured Films
3929,Tripilleye Entertainment
3930,Bill and Ben Productions
3931,Fastnet Films
3932,Neunte Babelsberg
3933,Liberation Entertainment
3934,Bitters End
3935,Coin Film
3936,The Sci-Fi Channel
3937,J.K. Livin Productions
3938,Sophie Dulac Productions
3939,Todo Cine S.A.
3940,Harwood Hunt
3941,QED International
3942,Bigfoot Entertainment
3943,Pentagrama Films
3944,Green Moon España
3945,Maestranza Films
3946,Archer Street Productions
3947,Zen Weasel Films
3948,Polland Pictures
3949,Other Side Cinema
3950,McCurry Films
3951,A.W.O.L. Studios
3952,Blue Angel Film
3953,Miromar Entertainment
3954,Grey Jumper
3955,Crescendo
3956,See Think Films
3957,Why Not Productions
3958,Pariah Entertainment Group
3959,Virgil Films
3960,TMF Distribution
3961,Monarch
3962,Gunn Films
3963,Darren Star
3964,Parallel Entertainment Pictures
3965,UGC YM
3966,Sofica UGC 1
3967,Invictus Films
3968,Sofica Soficinéma 4
3969,Filmworker
3970,Creado Film
3971,Waiting in Beijing LLC.
3972,Goodnight Film
3973,Budderfly Productions
3974,Olympus Pictures
3975,Giant Screen Films
3976,Celador Productions
