id,fullName
1,Miramax Films
2,Konrad Pictures
3,Crime and Punishment Productions Limited
4,Fried Films
5,Trimark Pictures
6,Savoy Pictures
7,Michael Ritchie Productions
8,Sullivan Street Productions
9,Radmin Company
10,Dimension Films
11,Nu Image
12,Channel 4
13,Millennium Films
14,Glitter Productions
15,Laurence Mark Productions
16,Columbia Pictures Film Production Asia
17,Twentieth Century Fox
18,Maroon Entertainment
19,Tse Tse Fly Productions
20,Triumph Films
21,Crystal Sky
22,Paradis Film
23,Jet Tone Productions
24,Block 2 Pictures
25,The Shooting Gallery
26,Chal Productions
27,Bavaria Film
28,Paramount
29,Canwest
30,Rysher Entertainment
31,Baby Productions
32,7 Arts International
33,Starz!
34,Das Werk
35,Helkon Media AG
36,CineGroupe
37,Millman Productions
38,Madragoa Filmes
39,Gémini Films
40,Instituto do Cinema
41,Audiovis
42,Radiotelevisão Portuguesa
43,Poya Pictures
44,Allott Productions
45,Peakviewing Productions
46,Warner Brothers
47,Atlas Entertainment
48,Green/Renzi
49,Filmtown Entertainment [us]
50,El Dorado Pictures
51,Nordisk Film &amp; TV-Fond
52,Walt Disney Pictures
53,Pixar Animation Studios
54,MRG Entertainment
55,UFO Films
56,Mutual Film Company
57,View Askew Productions
58,Shongo Filmworks Ltd
59,Chango Productions
60,Moonstone Entertainment
61,Shostak/Rossner Production
62,Film Cellar
63,New Line Cinema
64,The Lloyd Segan Company
65,George Street Pictures
66,Gramercy Pictures
67,Single Cell Pictures
68,Propaganda Films
69,American Internat&#39;l Pics
70,Punch Productions
71,Universal Pictures
72,Alphaville Films
73,Rational Packaging Company
74,Summit Entertainment
75,Rain City
76,Flying Heart Films
77,Sugar Creek Productions
78,Fox 2000 Pictures
79,20th Century Fox
80,Adam Fields Productions
81,Bigel/Mailer Films
82,Allied Filmmakers
83,DreamWorks Pictures
84,Aardman Animations
85,Pathé Pictures
86,Columbia Pictures Corporation
87,STK Productions
88,Touchstone Pictures
89,Phaedra Cinema
90,Hit &amp; Run Productions
91,Eye of the Beholder Ltd.
92,Village Roadshow Prod.
93,Behaviour Worldwide
94,Ambridge Film Partnership
95,Filmline International
96,Hobby Films
97,Pole Star
98,Ventanarosa Productions
99,Handprint Entertainment
100,Underworld Entertainment
101,Castle Rock Entertainment
102,Darkwoods Productions
103,Amblin Entertainment
104,DreamWorks SKG
105,TriStar Pictures
106,Saul Zaentz Company
107,WingNut Films
108,Icon Entertainment International
109,Kintop Pictures
110,Vanguard
111,Metro Goldwyn Mayer
112,Televisa S.A. de C.V.
113,Hool/Macdonald Productions
114,Arco Films
115,Fílmax
116,Silver Lion Films
117,Producciones San Patricia
118,Regency Enterprises
119,New Legacy
120,Impact Pictures
121,Metropolitan
122,Davis Films
123,Dee Gee Entertainment
124,Kennedy/Marshall
125,Alcon Entertainment
126,Buena Vista Pictures
127,Medusa Film
128,Cattleya
129,Film &amp; General Productions Ltd. [gb]
130,Cineritmo
131,Fox Searchlight
132,Peters Entertainment
133,Sonnenfeld Josephson Worldwide Ent.
134,Genetics Productions
135,Bad Hat Harry
136,Springwood Productions
137,Marvel Enterprises
138,Marvel Films
139,Donner/Schuler-Donner
140,Miramax
141,Walt Disney Productions
142,MacDonald-Parkes
143,Fox Animation Studios
144,David Kirschner Productions
145,Blue Sky Studios
146,Lucasfilm Ltd.
147,Buena Vista
148,JLT Productions
149,Spring Creek Productions
150,Baltimore Pictures
151,Tribeca Productions
152,NPV Entertainment
153,Face Productions
154,J&amp;M Entertainment
155,Imagine Entertainment
156,FilmWave
157,Film Colony
158,MTI Home Video
159,Davis Entertainment
160,PolyGram Filmed Entertainment
161,Jersey Films
162,Cinehaus
163,Pacific Data Images
164,Tribeca Film Center
165,First Look Pictures Releasing
166,Seneca Falls
167,Mata Productions
168,Inc.
169,Sandcastle 5 Productions
170,María Teresa Argüelles
171,Daniel Andreu-Von Euw
172,Instituto Nacional de Cinema
173,Springall Pictures
174,C.O.R.E. Digital Pictures
175,Dr. José Pinto Mazal
176,Sogepaq
177,Guillermo Springall
178,Goldheart Pictures
179,Tenoch Ochoa Fernández
180,John Sayles
181,Latin Universe II
182,Llc
183,Fonds Sud
184,Cinematografica Tabasco S.A
185,MACT Productions
186,Kingdom Come Pictures
187,Red Mullet Productions
188,Paramount Pictures
189,Bona Fide Productions
190,MTV Films
191,Beacon Communications
192,Tig Productions
193,Mirage Enterprises
194,Dragon Pictures
195,Egg Pictures
196,Phoenician Films
197,Ground Zero
198,Time Warner Cable
199,Film Society of Lincoln Center
200,Sundance Channel
201,Independent Feature Project
202,Transparent Films
203,Beaver Productions
204,Ajawaan Productions
205,Spyglass Entertainment
206,Storm Entertainment
207,ETIC Films
208,Heyday Films
209,A-Pix Entertainment
210,Spartan Home Entertainment
211,Capella International
212,KC Medien AG
213,SHO Entertainment
214,Franchise Pictures
215,Lawrence Gordon Productions
216,Dark Horse Entertainment
217,Studio Eight
218,Kingsborough Greenlight Pictures
219,Circle Films
220,Televisión Española
221,Gardenia Producciones
222,Amaranta Films
223,Le Studio Canal +
224,Producciones Amaranta
225,Tornasol Films S.A.
226,Tabasco Films
227,DMVB Films
228,Jeff Most Productions
229,Pacifica Film Distribution
230,Fallen Bird Productions
231,Edward R. Pressman Film Corp.
232,IMF
233,Silver Pictures
234,Avalanche Entertainment
235,Zanuck Company
236,Odeon Films
237,Films 7
238,Président Films
239,Cecchi Gori Group Tiger Cinema
240,Canal+
241,Bavaria Entertainment
242,Renn Productions
243,Filmförderungsanstalt
244,Centre National de la Cinematographie
245,Melampo Cinematografica
246,Pathé
247,TF1 Films Production
248,AMLF
249,Katharina
250,Eurimages
251,Neue Constantin Film
252,FilmFernsehFonds Bayern
253,Dogstar Films
254,Craven-Maddalena Films
255,Timnick Films
256,Good Machine
257,Hofflund/Polone
258,Columbia
259,Hollywood Pictures
260,Rocking Chair Productions
261,Baldwin/Cohen Productions
262,Seven Arts Pictures
263,Intrepid Pictures
264,Interscope Communications
265,Hammerhead Productions
266,United Artists
267,Screenland Pictures
268,Belateche/Pike Productions
269,Westdeutscher Rundfunk
270,Boje Buck Produktion GmbH [de]
271,Zero Film GmbH
272,Svenska Filminstitutet
273,Film i Väst
274,Omega Film
275,Nordisk Film
276,Screen Gems
277,Lakeshore Entertainment
278,Art Linson Productions
279,Taurus Film
280,New Regency Pictures
281,Redeemable Features
282,Mad Chance
283,Warner Brothers/Seven Arts
284,Mirador Films
285,Columbia Pictures
286,Team Todd
287,Blackwood Films
288,Prosperity
289,Clinica Estetico
290,Kalkaska
291,Eureka Pictures
292,Flashpoint
293,Stardust Pictures
294,Open City Films
295,October Films
296,Industry Entertainment
297,Columbia TriStar Television
298,Newmarket Capital Group
299,Norann Entertainment
300,Joyriders Productions LLC
301,Instituto Português da Arte Cinematográfica e Audiovisual
302,Lobell/Bergman Productions
303,Sidney Kimmel Entertainment
304,Longfellow Pictures
305,Simon Fields Productions
306,FR Production
307,Canal Plus Image International
308,Mas Macho Inc.
309,Warner Bros.
310,RKO Radio Pictures Inc.
311,P.P.S. Films
312,Lions Gate Entertainment
313,Muse Productions
314,Quadra Entertainment
315,Improvision Corporation
316,Mandalay Pictures
317,Davis-Panzer Productions
318,Laura Ziskin Productions
319,Qatsi Productions
320,New Crime Productions
321,Wildwood Enterprises
322,Steve Tisch Company
323,Echo Productions
324,Monarch Home Video
325,Scott Free Productions
326,Intermedia Films
327,United Seven Creations
328,Venus
329,Sandrews
330,SVT Drama
331,Svensk Filmindustri
332,Beluga Film
333,The Image Organization
334,USA Films
335,Robert Simonds Productions
336,Six Feet Under Films
337,Plurabelle Films
338,First City Features Ltd
339,Phoenix Pictures
340,Goldwyn Films
341,Serious Productions
342,Serious Entertainment
343,MDS Productions LLC
344,American World Pictures
345,Nickelodeon Movies
346,Broadway Pictures
347,Jagged Films
348,Natural Nylon Entertainment
349,Hanna-Barbera Productions
350,First Look Pictures
351,Morgan Creek Productions
352,Quebec Film and Television Tax Credit
353,Imperial Entertainment
354,Amen Ra Films
355,Flower Films
356,Tall Trees Productions
357,Soul Simple Productions
358,Mojo Films
359,P.K. Pictures
360,United Lotus Group
361,Prufrock Pictures
362,Avery Pix
363,Filmstiftung Nordrhein-Westfalen
364,Trigger Street Productions
365,Tatfilm
366,Little Bird
367,The Greenlight Fund
368,Bord Scannan Na hEireann
369,Ron Bass Productions
370,Tall Skinny Black Boy Productions
371,e2 Filmworks
372,Roe Productions KG
373,Midnight Man II
374,ImageMovers
375,Turman-Morrissey Company
376,Hyde Park Entertainment
377,Robert Greenwald Productions
378,Ardent Films
379,Lakeshore International
380,Greenlight Productions
381,Telecom Entertainment Inc.
382,Playtone Productions
383,Shaft Productions Ltd.
384,New Deal Productions
385,Scott Rudin Productions
386,Pandora Cinema
387,Sony Pictures Classics
388,Maximone Pictures
389,Nora Ephron Productions
390,Universal International Pictures
391,GMA Network Films
392,Via Digital
393,Celestial Pictures
394,5 Card Productions
395,Visual Communications
396,Net Worth Productions
397,Figment Films
398,BTC Productions KG
399,Living Films
400,Banyan Tree
401,Sud-Est Productions
402,Mainline Pictures Inc.
403,Eternity Pictures
404,Global Entertainment Productions
405,Mace Neufeld Productions
406,Revelations Entertainment
407,TF1 International
408,High Water Films
409,Phase 1 Productions
410,David Brown Productions
411,Curb Entertainment
412,Turner Network Television
413,Alex Entertainment Inc.
414,Fireworks Entertainment
415,Hannah Rachel Productions Services Ltd.
416,WMG Film
417,Free Hazel Films
418,1492 Pictures
419,Twitching Image Studio
420,Infliction Films
421,Les Films Alain Sarde
422,Oil &amp; Water Productions
423,Jaffilms
424,Brookwell McNamara
425,Telepool
426,Filmfabriken Baltic Sea AB
427,Freeway Films
428,Stranger Than Fiction
429,Aviva Entertainment
430,Little Villa Features
431,Bittersweet Films
432,Icelandic Film Corporation
433,FilmFour
434,Trust Film
435,Constantin Film Produktion
436,Blind Spot Pictures Oy
437,Cinematograph A/S
438,What Else? B.V.
439,Yleisradio
440,Danmarks Radio
441,Arte
442,Zentropa Entertainments
443,TV 1000
444,Liberator Productions
445,Lantia Cinema
446,Angel Films A/S
447,VPRO Television
448,Arte France Cinema
449,France 3 Cinéma
450,Mundy Lane Entertainment
451,MDP Worldwide
452,Antwone Fisher Productions [us]
453,Universal/Universal Int
454,Fresh Produce Films
455,Seven Summits Pictures &amp; Management
456,Seagal/Nasso Productions
457,Regency Entertainment
458,KirchMedia
459,Haft Entertainment
460,Fortis Films
461,Double A Films
462,Triple Threat
463,Abstrakt Film
464,ab&#39;-strakt pictures
465,Pacifica Film
466,Fandango
467,Bohemian Productions
468,Weinstock Productions
469,First Cold Press Productions
470,Arama Entertainment
471,Boudicca Films Ltd.
472,Artic Productions LLC
473,Polar Entertainment Corporation
474,Ice Cap Production
475,Chris Lee Productions
476,Square Company
477,Hi-Rez Films
478,St. Anthony Films
479,Wayan Bros. Entertainment
480,Gold/Miller Productions
481,Brillstein-Grey Entertainment
482,Sogecine
483,Rogue Pictures
484,Fresh Produce Company
485,Gilmartin Film
486,Scanbox Entertainment
487,MainPix
488,Outlaw Productions
489,Blue Rider Pictures
490,Daybreak Point Entertainment
491,Shooting Gallery
492,Cinema Gypsy Productions
493,Living Motion Pictures
494,Film Foundry Partners
495,GreeneStreet/SKE Films
496,Wüste Filmproduktion [de]
497,Argos Filmcilik Turizm
498,Quality Pictures
499,Linson Films
500,Fine Line Features
501,Nicolas Entertainment
502,MVD Visual
503,Red Violet Productions
504,Movie Mongrel
505,Goldmount Pictures
506,Delta Deuce Films
507,Katira Productions GmbH &amp; Co. KG
508,New Redemption
509,Marevan Pictures
510,Hollywood Partners
511,Walrus &amp; Associates
512,Thousand Words
513,Truth and Soul Pictures
514,Bandeira Entertainment
515,Requiem for a Dream LLC
516,Artisan Entertainment
517,Protozoa Pictures
518,Sibling Productions
519,Cinerenta Medienbeteiligungs KG
520,Two Sticks Productions
521,Purple Rose Productions
522,Fireworks Pictures
523,Globo Filmes
524,LC Barreto
525,Filmes do Equador
526,What Planet Are You From? Productions
527,Hallmark Entertainment
528,Fountainbridge Films
529,Cruise-Wagner Productions
530,Blue Tulip
531,Conundrum Entertainment
532,Mindfire Entertainment
533,Compulsion Inc.
534,Bedford Falls Productions
535,Initial Entertainment Group
536,Vinyl Films
537,FilmAcres
538,Homeless Film Productions
539,Jersey Shore
540,Arroyo Pictures
541,Shakespeare Film Company
542,Arts Council of England
543,Commotion Pictures
544,Daly-Harris Productions
545,Pathfinder Pictures
546,DEJ Productions
547,Phoenician Entertainment
548,Zucker Brothers Productions
549,Pollock Films
550,Brant-Allen
551,Zeke Productions
552,Fred Berner Films
553,Finestkind
554,Black and Blu Entertainment
555,TF1 Films Productions
556,Leeloo Productions
557,Arco Embassy
558,Centre Street Productions
559,Streetlight Films
560,Chickie the Cop
561,Rhulen Entertainment
562,Daniel Fried Entertainment
563,Roger Birnbaum Productions
564,Jackie Chan Films
565,Snow Day Productions
566,New Faction Pictures
567,Paramount Pictures International
568,BBC
569,MFF
570,Curtis Hanson Productions
571,Marubeni Corporation
572,Battlefield Productions LLC
573,JTP Films
574,RSC Media
575,Happy Madison Productions
576,Neverland Films
577,Malpaso Company
578,Clipsal Films
579,Wendy Finerman Productions
580,Indican Pictures
581,Jerry Bruckheimer Films
582,Centropolis Entertainment
583,SofyGram
584,France 2 Cinema
585,Constantin Film
586,Key Entertainment
587,The Bubble Factory
588,Claussen &amp; Wöbke Film Production
589,Deutsche Columbia Pictures Film Prod.
590,Imaginary Forces
591,HBO Films
592,Jazz Pictures
593,Esparza/Katz Productions
594,Arthur E. Friedman Productions
595,HAL Films
596,Lion&#39;s Share Pictures
597,Carlton Films
598,Talisman Films
599,Inferno Film Productions
600,Gaumont
601,MBP &amp; Co. KG
602,Mushroom Pictures
603,Beyond Films
604,Grindstone Pictures
605,Saturn Films
606,Lansdown Films
607,Nine Yards Productions LLC
608,United China Vision
609,Asia Union Film &amp; Entertainment Ltd.
610,China Film Co-Production Corporation
611,Edko Films
612,Stillking Films
613,Station X Studios
614,LLC
615,Sweetpea Entertainment
616,Mike Zoss Productions
617,Working Title Films
618,Timothy Burrill Prod. Ltd.
619,Nomad Films
620,Légende Entreprises
621,Mountain High Productions
622,Film Development Corporation
623,Circus Pictures
624,Artistic License
625,New City Productions
626,Bel Air Entertainment
627,Epithète Films
628,Cinémaginaire Inc.
629,Shavick Entertainment Inc.
630,Keshan
631,Ignite Entertainment
632,Cometstone Pictures
633,Avrora Media
634,Comet Film
635,Stonewood
636,Kushner-Locke Company
637,Cranium Films
638,Original Film
639,Overbrook Entertainment
640,Surf Film
641,New World
642,Ministère de la Culture/Communication
643,Government of Ontario
644,Alliance Atlantis Communications
645,SODEC
646,Super Ecran
647,Serendipity Point Films
648,Téléfilm Canada
649,The Movie Network
650,Ciné B
651,Greisman Productions
652,Price Entertainment
653,Larry Levinson Productions
654,Hallmark Hall of Fame Productions
655,Fennada-Filmi
656,Jörn Donner Productions
657,All Yours Film
658,Tin Toy Productions
659,Vault
660,Lord-Weaver
661,City Block Productions Inc.
662,Pm Entertainment
663,Sky Pictures
664,Homerun Productions
665,Rich Pickings
666,Portman Entertainment Group
667,Wave Pictures
668,New Concorde Home Entertainment
669,Zide-Perry Productions
670,Hard Eight Pictures
671,Friendly Productions
672,Cubevision
673,Film Incentive
674,Funky Monkey Productions Inc.
675,Sweetland Films
676,Filmwerks
677,Metro-Goldwyn-Mayer
678,Tenth Planet Productions
679,Red Hour Productions
680,Green Moon Productions
681,Hope and Gravy Inc.
682,Stagescreen Productions
683,Because Entertainment
684,The Business
685,Pathe Image
686,Primedia Productions
687,G2 Films
688,Killer Films
689,Christiania Film
690,Trimark
691,Bergman Lustig Productions
692,Wind Dancer Productions
693,Wee Dram Productions
694,George Litto Pictures
695,Catpics AG
696,Österreichischer Rundfunk
697,Kinowelt Filmproduktion [de]
698,Studio Babelsberg Independents [de]
699,Dor Film Produktionsgesellschaft GmbH
700,Schweizer Fernsehen DRS [ch]
701,Zweites Deutsches Fernsehen
702,Thomas Wilkening Filmgesellschaft [de]
703,Teleclub AG
704,Motion Picture Corporation of America
705,Venus Productions
706,Eiffel Productions
707,La Mutualité Française
708,M6 Films
709,SMK Limited
710,Centre National de la Cinématographie
711,Transfilm
712,40 Acres &amp; A Mule Filmworks
713,Fugitive Films
714,Mars Production Pty. Ltd.
715,Parkway Productions
716,Gracie Films
717,Film i Skåne
718,Gnu Films
719,Overseas FilmGroup
720,Half Fast Films
721,Blow Up Pictures
722,Toga Productions
723,Flan de Coco Films
724,Clorox Company
725,Merchant Ivory Productions
726,Showtime Networks Inc.
727,Granada Film Productions
728,Channel 4 Television Corporation
729,National Lottery
730,Progress
731,Scottish Arts Council
732,Diaphana Films
733,Glasgow Film Fund
734,Three Rivers Productions
735,Extraordinary Films Ltd. [us]
736,Swingtime Productions Ltd.
737,Flatland Pictures
738,Shrink Productions Inc.
739,Jordaan Film
740,CineTel Films
741,Danger Filmworks
742,John Hagee Ministries
743,Apocalypse Film Projects Inc.
744,Jack Van Impe Ministries [us]
745,Cloud Ten Pictures
746,I&#39;ll Be You Productions
747,Sciarlò
748,Fox Family Channel
749,Filbert Steps
750,44th Street Films
751,Fierce Films
752,Giv&#39;en Films
753,Bazmark Films
754,State Street Pictures
755,Milagro Films
756,GFT Entertainment
757,Barzo Productions
758,Spice Factory
759,Integrated Productions
760,Recorded Pictures Company
761,Jonathan Glazer Film
762,Jeremy Thomas Production
763,TV1000 AB
764,Nordisk Film- &amp; TV-Fond
765,Memfis Film
766,Swedish Film Institute
767,Crush Entertainment
768,Cappa Productions
769,Hart Sharp Productions
770,American Desi Productions
771,ABCD Productions
772,Boneyard Entertainment
773,X-Filme Creative Pool
774,Further Films
775,Legend
776,Motion International Production
777,Animal Productions LLC
778,Punch 21 Productions
779,Interlight
780,Sordid Lives
781,Davis Entertainment Classics
782,Mutual
783,Avatar Films
784,Fish Eye Films
785,Beacon Pictures
786,Tiger Aspect Pictures
787,Fragile Films
788,Icon Productions
789,Splendid Medien AG
790,Dr. T Inc.
791,Gullane Pictures
792,Destination Films
793,Isle of Man Film
794,Mitteldeutscher Rundfunk
795,Atlantis Film Prods
796,Dish Film Ltd.
797,Working Dog Productions
798,Village Roadshow Pictures
799,Distant Horizon
800,Scala Wildgaze
801,Home Box Office
802,Shoreline Entertainment
803,Medusa Distribuzione
804,Addison Street Films
805,Road Pictures
806,North Shore Entertainment
807,Next Wave Films
808,Stolen Car Productions
809,Lifer Films
810,Strand Releasing
811,Red Horse Films
812,New Oz Productions
813,Bad Robot
814,LivePlanet
815,BIM Distribuzione
816,Pandora Films S.A.
817,Fast Productions
818,Belladonna Productions LLC
819,Charleson Pictures
820,Adventure Pictures
821,Film Roman
822,Total Film Group
823,ApolloMedia
824,Firelight Films
825,Imagica Corp.
826,Bac Films
827,Oshima Productions
828,Kadokawa Shoten Publishing Co.
829,Eisai Gekijo
830,Shochiku Films
831,BS Asahi
832,Lolafilms S.A.
833,South Fork Pictures
834,Lonsdale Pictures
835,Shadow Productions
836,Regent Entertainment
837,John Aaron Productions
838,Mulberry Hills
839,C-Hundred Film Corp.
840,Münch/Charny
841,Runteldat Entertainment
842,SKA Films
843,Altavista Films
844,Independent Film Channel
845,Accidental Productions
846,Shochiku Kinema Kenkyû-jo
847,SE8 Group
848,Cinerenta
849,Cinecontender
850,Battleground Productions
851,ITVS
852,Nordic Film &amp; TV Fund
853,Carter Productions LLC
854,Canton Company
855,Rai Cinema
856,Busy Bee Productions
857,I Remember Productions
858,Imohotep Productions
859,Ardustry Home Entertainment
860,Feature Films for Families
861,Favourite Films
862,Isabella Films B.V.
863,Dan Films
864,Cinedigm
865,Asmik Ace Entertainment
866,Namibia Film Commission
867,Radical Media
868,Caro-McLeod
869,NFH Productions
870,Pagoda Film
871,TVA International
872,Oddbod Productions Inc.
873,Copper Heart Entertainment
874,Walter Pictures
875,DiNovi Pictures
876,JHH
877,RKO Pictures
878,ErgoArts
879,Rigas Entertainment
880,Independent Film Project
881,LTZ II
882,Avnet/Kerner Productions
883,Fogwood Films
884,Flashpoint Limited
885,Two Drivers Productions
886,Prosperity Pictures
887,Australian Film Finance Corporation
888,Hilary Linstead-Dein Perry
889,Sonet Film
890,Journey Productions
891,Run It Up Productions Inc.
892,Technical Black
893,Gotham Entertainment Group
894,Mandalay Sports &amp; Urban Entertainment
895,Canadian Television Fund
896,Max Films Productions
897,Réseau TVA
898,Disney Channel
899,Cruella Productions
900,Nasser Entertainment Group
901,Nasser Group
902,Bernard Sofronski Productions
903,Studio Images 6
904,Euro Space Inc.
905,Fidélité Productions
906,Friday X Productions
907,Crystal Lake Entertainment Inc.
908,Lawrence Bender Productions
909,ICE3
910,Renaissance Films
911,Clear Blue Sky Productions
912,Magic Média
913,Astrolabio Producciones S.L.
914,Sofica Sofinergie 5
915,Senator Film Produktion GmbH [de]
916,Nikkatsu Corporation
917,Princes Films
918,MMC Independent GmbH
919,Tapioca Films
920,MMC Independent
921,UGC
922,Bait Films
923,Pfilmco
924,Beat
925,Martien Holdings A.V.V.
926,Background Productions
927,Walking Pictures
928,Millenium Pictures
929,Pendragon Film
930,Cinequest Films
931,Vertigo Productions Pty. Ltd.
932,BET Arabesque Films
933,New City Releasing
934,Anime 18
935,Nancy Tenenbaum Productions
936,West Eleven Films
937,InterMedia Film Equities Ltd.
938,Stanley Kubrick Productions
939,Chaiken Films
940,Degeto Film
941,BSkyB
942,Parallax Pictures
943,La Sept-Arte
944,British Screen Productions
945,Cinart
946,Filmcoopi Zürich
947,Alta Films Productions
948,Road Movies Filmproduktion [de]
949,B.I.M.
950,IMMI Pictures
951,415 Productions
952,Groove
953,DeLaurentiis Productions
954,HAPPY CLOUD PICTURES
955,MFP
956,Klasky-Csupo
957,Heritage Group
958,Tricor Entertainment
959,Providence Entertainment
960,Triple Axel Productions
961,Alan Sacks Productions
962,Rézo Films
963,Turner Entertainment
964,Cinetel Films
965,SNL Studios
966,Pacific Pictures
967,Medusa Produzione
968,Yashraj Productions
969,TF1
970,M6 Métropole Télévision
971,Dream Entertainment
972,Michael/Finney Productions
973,Sans Contrefaçon Productions
974,Josy Films
975,Bel Ombre Films
976,Mosca Films
977,Montecito Picture Company
978,Screen Artists
979,Front Street Productions
980,Smokin&#39; Dawgs
981,Vrijzinnig Protestantse Radio Omroep
982,Pieter Van Huystee Film and Television
983,Plum Creek Road Productions
984,DOS
985,Swanford Films
986,Reperage
987,Baliverna Films
988,Harold Greenberg Fund
989,Vandy Productions
990,Majestic Films
991,M&amp;M Productions
992,Black Forest Films
993,Poetiche Cinematografiche
994,Schlemmer Film
995,A Wandering Star
996,RAI Radiotelevisione Italiana
997,Union Générale Cinématographique
998,Septième Production
999,La Fiera Corrupia
1000,Live Home Video
1001,Vampire Hunter D Prod. Committee
1002,BMG Funhouse
1003,Softcapital
1004,Goodhill Vision
1005,Télévision Suisse-Romande
1006,Procirep
1007,Arena Films
1008,Arcade
1009,Cofimage 11
1010,Office Fédéral de la Culture
1011,CAB Productions
1012,Paris Brothers
1013,Mad Guy Films
1014,Les Films A4
1015,La Sofica Sofinergie 5
1016,La Procirep
1017,M6 Films Production
1018,Canal
1019,UGC-Fox Distribution
1020,My Five Wives
1021,Alicéléo
1022,Showtime Pictures
1023,Rainforest Productions
1024,TLA Releasing
1025,Hearst Entertainment &amp; Syndication
1026,Working Class Pictures
1027,Mindz in Action
1028,MIA
1029,Big Ones Entertainment
1030,Branti Film Productions
1031,Cockamamie
1032,Ariztical Entertainment
1033,Tollin/Robbins Productions
1034,Red Letters Inc.
1035,Blinding Edge Pictures
1036,Captured Productions Inc.
1037,Nitelite Entertainment
1038,De Passe Entertainment
1039,Redwave Films
1040,Mass Productions
1041,Bellwood Stories
1042,TiMe Film- und TV-Produktions GmbH [de]
1043,VIP
1044,Baltimore Spring Creek
1045,Bayahibe
1046,Peoples Productions
1047,reVision Films
1048,Wey-Man Productions
1049,Revolution Films
1050,Grosvenor Park Productions
1051,DB Entertainment
1052,Echo Bridge Entertainment
1053,Pathfinder Home Entertainment
1054,Opera Film Produzione
1055,Neal H. Moritz Productions
1056,Lost Soul Productions
1057,Kushner-Locke International
1058,Super Channel
1059,Chum Television
1060,Galafilm Productions Inc.
1061,Nunhead Films
1062,Via Rosa Productions
1063,Epsilon Motion Pictures
1064,Riche-Ludwig Productions
1065,Howard Rosenman Productions
1066,PCH Films
1067,FilmNext
1068,Montrose Pictures
1069,DNA Pictures International
1070,Okulitch-Pederson Company [ca]
1071,Suspicious Films
1072,CITY-TV
1073,Burns Films
1074,Alberta Foundation for the Arts
1075,The CFCN Production Fund
1076,Canadian Television
1077,Canada Council for the Arts [ca]
1078,Unknown
1079,Partizan
1080,Beverly Detroit
1081,CBS Television Stations
1082,Studio Canal
1083,Cheyenne Enterprises
1084,Empire Pictures
1085,Lotus Pictures
1086,Outrider Pictures
1087,Collins Avenue
1088,Deadly Films 2
1089,National Film Board of Canada
1090,FilmBuff
1091,Trancas International Films Inc.
1092,Nightfall Productions
1093,Samuel Goldwyn Production
1094,Sonet Film AB
1095,Citadel Entertainment
1096,C.M. Two Production
1097,Hearst Entertainment Productions
1098,Viacom Productions
1099,Spanky Pictures
1100,Apostle Pictures
1101,Pariah Films
1102,Random Ventures
1103,Edgewood Entertainment
1104,Lightburden Productions L.P.
1105,Hell&#39;s Kitchen Films
1106,Jovy Junior Enterprises
1107,The Kushner-Locke Company
1108,LionsGate Entertainment
1109,Full Schilling Investments
1110,Snakeman Productions
1111,Indigo Films
1112,Roof Top Entertainment
1113,EIS Production s.r.o.
1114,Becker &amp; Häberle Filmproduktion
1115,Raajkamal Films International
1116,Unified Film Organization
1117,Wilshire Court Productions
1118,Dreamz Unlimited
1119,East Side Film Company
1120,The East Side Film Company
1121,In Extremis Images
1122,Emby Eye
1123,Sarabande Productions
1124,TNT
1125,Banner Entertainment
1126,Meanwhile Films
1127,Paramount Television
1128,Tapestry Films
1129,Hang Phim Truyen
1130,Bandai
1131,José María Lara P.C.
1132,Albares Productions
1133,Sur Films
1134,Canal+ España
1135,Euskal Irrati Telebista
1136,Tanmarsh Communications Limited
1137,Once Upon a Time Films
1138,Conquering Lion Productions
1139,Syndicado
1140,5150 Productions
1141,Seven Arts Productions
1142,Newmark Films Inc.
1143,Bangor Films
1144,Booth Theater
1145,Cardiff Giant Productions
1146,Horseshoe Bay Productions
1147,Eagle Point Production
1148,Troublemaker Studios
1149,Jurist Productions
1150,Big Mouth Productions
1151,Monogram
1152,Endemol Entertainment
1153,Algemeene Vereniging Radio Omroep
1154,Storm King Productions
1155,Fox Television Studios
1156,Illumination Films
1157,Spearhead Enterprises
1158,Anvil Films
1159,Filmkameratene A/S
1160,Filmnor
1161,Xenon
1162,Spirit Dance Entertainment
1163,Rickshaw Filmworks
1164,Franchise Classics
1165,TGD Productions
1166,Hughes Entertainment
1167,Haxan Entertainment
1168,Giraldi/Suarez Productions
1169,Triple Play Pictures
1170,Parker Film Company
1171,Ocean Pictures
1172,Telescene Film Group Productions
1173,Kunert/Manes Entertainment
1174,Unapix Films
1175,Universal Focus
1176,Lucky Red
1177,New Real Films
1178,MK2 Productions
1179,Sunshine Amalgamedia
1180,Goatworks Films
1181,Ideefixe Productions Ltd.
1182,Breadcrumb Trail Films
1183,Jinga Films
1184,3 Arts Entertainment
1185,Bungalow Productions
1186,Silver Lion Pictures
1187,Long Bow Group
1188,Unity Productions
1189,Solar Films
1190,World International Network
1191,L&#39;Office Federal de la Culture
1192,Radio Télévision Suisse Romande
1193,Geoff Reeve Films
1194,Visionview
1195,Agat Films &amp; Cie
1196,Rosemont Productions
1197,Pumpernickel
1198,Gravity Hill Films
1199,Cofimage 12
1200,Pacesetter Productions International
1201,WGBH
1202,Alt Films
1203,Surrender Cinema
1204,Golden Harvest Company
1205,World of Wonder
1206,Cinemax
1207,Access Productions
1208,Film Kraft
1209,Umbrella Films
1210,Numb Gums Productions Inc.
1211,TVE
1212,Paramount Network Television
1213,Beech Hill Films
1214,Journeyman Pictures
1215,Jim Henson Productions
1216,Ruby Films
1217,Panda Productions
1218,Mitteldeutsches Filmkontor
1219,Babelsberg Film GmbH
1220,Essential Filmproduktion GmbH
1221,Coproduction Office
1222,Thunderhead Productions
1223,LionHeart FilmWorks
1224,Six Hundred Films
1225,Picture Farm
1226,Maysville Pictures
1227,Warner Bros. Television
1228,Humble Journey Films
1229,Crawford Communications
1230,Plantain Films
1231,Kismet Film Company
1232,Harvest Pictures
1233,Norris Johnson Productions
1234,Temple Film &amp; TV Productions Ltd
1235,Sex Pistols Residuals
1236,Nitrate Film
1237,Marc Platt Productions
1238,Riverdale Productions
1239,Latham Entertainment
1240,Reid-Hoffmann Productions
1241,Passport Pictures
1242,Pistolero Productions L.L.C.
1243,Lenfilm Studio
1244,Zero Gravity Productions
1245,Channel Four Films
1246,Telling Pictures
1247,HBO Theatrical Documentary
1248,Galaxy Entertainment
1249,Merlin Films
1250,Celluloid Dreams
1251,Davis-Films
1252,Natexis Banques Populaires Images 3
1253,Eskwad
1254,Monogatari
1255,Istituto Luce Cinecittà
1256,Clyde Is Hungry Productions
1257,Pledge Productions Inc.
1258,D&amp;S Screen Productions
1259,Films Cinépix
1260,IMAX
1261,Stick Figure Productions
1262,Boomerang
1263,Sterling Entertainment
1264,China Film
1265,C &amp; A Productions
1266,Post Production Playground
1267,Central Motion Pictures Corporation
1268,Road Movies Vierte Produktionen
1269,Beijing Film Studio
1270,Schulberg Productions
1271,Vanguard Cinema
1272,Liberty
1273,Rat Entertainment
1274,Permut Presentations
1275,Kumbaya Productions Inc.
1276,Logo Entertainment
1277,Filmsmith Production &amp; Management
1278,Wildflowers LLC
1279,Fries Film Group
1280,Yul Films
1281,Les Films Cinepix
1282,Faith Filmworks
1283,Télécip
1284,Spellman/Corben Productions
1285,West Avenue Films
1286,Hand to Mouth Productions
1287,Creative Thinking International
1288,Ltd.
1289,Marlboro Road Gang
1290,Artists Production Group
1291,Koch Lorber Films
1292,Creative Media Services
1293,StudioCanal
1294,Off Line Entertainment Group
1295,GT Media
1296,Joseph M. Singer Entertainment
1297,O Entertainment
1298,PBS
1299,MBST/Lloyd Productions
1300,Jerry Weintraub Productions
1301,B.O.B. and Partners Ltd. Co.
1302,Aronson Film Associates
1303,WNET Thirteen
1304,Public Policy Productions
1305,American Documentary
1306,Instinct Entertainment
1307,Silverline Pictures
1308,Family Arthouse Productions
1309,Fat Free Limited
1310,Pebblenut Productions
1311,Revolution Studios
1312,Frontier Pictures
1313,Bedlam Pictures
1314,Coolbrook Media
1315,Locomotion Films
1316,Intrafilm
1317,Lions Gate Films
1318,Village Roadshow Entertainment
1319,Worldwide Media
1320,A.G. Films
1321,Alter Ego
1322,Front Street Pictures
1323,Legacy Filmworks
1324,East of Doheny
1325,Cupid Productions Inc.
1326,Fat Black Films
1327,Detour Filmproduction
1328,Subotica
1329,Colifilms Distribution
1330,Film Consortium
1331,Immagine e Cinema
1332,arte France Cinéma
1333,Urania Pictures S.r.l.
1334,CB
1335,Flach Film
1336,Signal Hill Pictures LLC
1337,Tre Vänner Produktion AB
1338,Apollon Bild &amp; Film
1339,Action Film AB
1340,Le Studio Canal
1341,Martindale Group LLC
1342,Midnight Films
1343,Canal Plus
1344,Colgems Productions Limited
1345,Franklin/Waterman Prod.
1346,Red Wagon Productions
1347,Amazon Film Productions
1348,Pray For Rain Pictures Inc.
1349,Argyll Film Partners
1350,Integrity Partners
1351,Gummshoe Productions
1352,North Coast Group
1353,China Star Entertainment
1354,Win&#39;s Entertainment Ltd.
1355,Think Film
1356,Dentsu
1357,Les Films de L&#39;Observatoire
1358,Emmett/Furla Films
1359,Evolution Entertainment
1360,Kingsgate Films
1361,ApolloMedia Distribution
1362,Janus Film
1363,Gemini Film
1364,Sony Pictures Entertainment
1365,One Hundred Years of Film Co. Ltd.
1366,Milky Way Image
1367,Le Monde Entertainment
1368,Film Afrika
1369,Fiction Film &amp; Television Limited
1370,Jonathan Krane Group
1371,Biograf Jan Sverak
1372,Columbia TriStar Filmes do Brasil
1373,Conspiracao Filmes
1374,LuxVide
1375,Galeria Alaska Productions
1376,Silver Dream Productions
1377,New Zealand Film Commission
1378,Star Max
1379,Shogakukan
1380,Omega Micott Inc
1381,Tokyo FM Broadcasting Company
1382,Space Shower TV
1383,Sandstorm Films
1384,Filmprodukties de Luwte
1385,Cité-Amérique
1386,Dummett Films
1387,Cinemaundici
1388,SFX Sports Group
1389,Giant Screen Sports
1390,NBA Entertainment
1391,James D. Stern Productions
1392,Delux Productions
1393,Lola Films
1394,New Urban Entertainment
1395,MVD Music Video
1396,Mr. Kirby Productions
1397,Parseghian/Planco
1398,Moonstar Entertainment
1399,Manifesto Films
1400,Sony Pictures Home Entertainment
1401,Tokuma Shoten
1402,Studio Ghibli
1403,GreeneStreet Films Inc.
1404,Echo Lake Entertainment
1405,Gryphon Films
1406,Ardent Productions
1407,Barwood Films
1408,Ardglasson Productions
1409,NewShowtime
1410,Lion Rock Productions
1411,Jung N Restless
1412,Dark Castle Entertainment
1413,13 Ghosts Productions Canada Inc.
1414,Zeta Film
1415,Taehung Pictures
1416,CJ Entertainment
1417,Saehan Industries
1418,Mirae Asset Capital
1419,Birnbaum/Barber
1420,World 2000 Entertainment Ltd.
1421,Triad Productions
1422,Hannibal Pictures
1423,Myriad Entertainment Group
1424,Bates Entertainment
1425,Carlton America
1426,Mosfilm
1427,CDP
1428,Lichtblick Film- und Fernsehproduktion
1429,FilmFour Productions
1430,Eon Productions Ltd.
1431,Danjaq Productions
1432,Sundale Productions Inc.
1433,Jacobson Company
1434,Nichol Moon Films
1435,Carousel Picture Company
1436,D&#39;Artagnan Productions
1437,LTD.
1438,Q&amp;Q Media
1439,Gaylord Films
1440,Quadrant Entertainment
1441,Carros Pictures
1442,Focus Productions
1443,Star Edizioni Cinematografiche
1444,Thura Film A/S
1445,The Polson Company
1446,JBA Productions
1447,Entre Chien et Loup
1448,Velvet Film
1449,Palomar
1450,Freemantle Media North America
1451,Mumbo Jumbo Productions
1452,Algonquin
1453,Cowboy Pictures
1454,Eagle Cove Entertainment
1455,Peakviewing Transatlantic PLC
1456,El Mar Pictures
1457,Grandview Pictures
1458,Daniel L. Paulson Productions
1459,First Floor Features
1460,Standard Film Company Inc.
1461,Cutting Edge Entertainment
1462,Newman/Tooley Films
1463,Medicine Show Productions
1464,Bottom of the Ninth Productions Inc.
1465,BrownHouse Productions
1466,Cataland Films
1467,Broken Lizard Productions
1468,Culture Company
1469,Dharma Productions
1470,Five Sisters Productions
1471,True Fiction Pictures
1472,American Zoetrope
1473,herbX film GmbH
1474,MPI Home Video
1475,Over a Rope Productions
1476,Canyon Productions
1477,Picture Entertainment Corporation
1478,Forward Pass
1479,Kinoproduction
1480,Filmlance International AB
1481,Sabine Films
1482,U.S. Holocaust Memorial Museum
1483,Skywalker
1484,Concorde-New Horizons
1485,Pan Européenne Production
1486,Take One
1487,Toute Premiere Fois
1488,Working Films
1489,WT²
1490,Showtime
1491,John Swimmer Productions
1492,CNC - Nouvelles Technologies en Production
1493,La Petite Reine
1494,Chez Wam
1495,Typhoon Film AG
1496,Fanes Film
1497,Seven Pictures
1498,NFP-TV
1499,New Video Group
1500,Reachfar Films
1501,Century of Progress Productions
1502,Visionbox Pictures
1503,Corky Productions Inc.
1504,i5 Films
1505,3Mark Entertainment
1506,Molen/Garbett Productions
1507,Noorani Film Coorporation
1508,Noelle Entertainment Limited
1509,Messidor Films
1510,Upstart Pictures
1511,Rat Race USA Inc.
1512,Maderfilm Productions
1513,Media Asia Films
1514,David Foster Productions
1515,David Ladd Films
1516,CLT-UFA International
1517,Magellan Filmed Entertainment
1518,Sat.1
1519,teamWorx Television &amp; Film
1520,Parmount Pictures
1521,Darric Productions
1522,MGM Television
1523,Olsen Levy Productions
1524,Showtime Australia
1525,Rumbalara Films
1526,New Video
1527,Goatsingers
1528,Indelible Pictures
1529,First Run Features
1530,Les Productions Lazennec
1531,Echo Bridge Home Entertainment
1532,ThinkFilm
1533,Harcamone Films
1534,Monqui Films
1535,Epsilon TV Production
1536,BocaBoca
1537,Tips Films Pvt. Ltd.
1538,Geeta Arts
1539,Winchester Films
1540,Campanile
1541,Camouflage Production
1542,Palisades Pictures Entertainment Group
1543,Zokalo Entertainment
1544,Mirashin Korea
1545,Donners&#39; Company
1546,Fiction Productions
1547,HanWay Films
1548,Ghoulardi Film Company
1549,Pas de Quoi
1550,Sawyer Productions
1551,Luxembourg Film Fund
1552,CQ Productions
1553,Senator Film Produktion
1554,New Legend Media
1555,Norstar Entertainment Inc.
1556,Rafford Films
1557,Doubble Troubble Entertainment
1558,Venice Filmworks
1559,Docurama
1560,Conquistador Entertainment
1561,Jafar Panahi Film Productions
1562,Mikado Film S.r.l.
1563,Lumière &amp; Company
1564,Talking Pictures
1565,Toho Company Ltd.
1566,Dufferin Gate Productions
1567,D.M.S. Films
1568,Nasser Entertainment
1569,Mida
1570,Shire Films
1571,Myung Films
1572,Samuel Goldwyn Films
1573,Starz! Encore Entertainment
1574,F.K.R. Productions
1575,Shelby Stone Productions
1576,Norman Twain Productions
1577,El Deseo S.A.
1578,Mikado Films
1579,Company Credits
1580,Greenpoint Films
1581,Téléma
1582,France 2 Cinéma
1583,Azor Films
1584,Jon Turtle Productions
1585,Kahn Power Pictures
1586,Noujaim Films
1587,Pennebaker-Hegedus Films
1588,Pigeon Creek Films
1589,Orly Adelson Productions
1590,Perido Productions
1591,Gravier Productions
1592,Brad Grey Productions
1593,TV2 Danmark
1594,Moonlight Filmproduction ApS
1595,Svenska Filmkompaniet
1596,Sveriges Television
1597,Amiguetes Entertainment
1598,Palomar Pictures
1599,Canana Films
1600,Peace Arch Entertainment Group
1601,Doug Wolens Film Library
1602,Mark Lewis Radio Pictures
1603,Devillier Donegan Enterprises
1604,Saga
1605,Niccol Films
1606,Stranger Baby Productions
1607,Roadside Attractions
1608,Filmpool Nord
1609,Südwestdeutscher Rundfunk
1610,Cherry Alley Productions
1611,Hypnotic
1612,Germ Free Productions
1613,SISU Home Entertainment Inc.
1614,Renaissance Pictures
1615,Film Life Pictures
1616,Prophecy Entertainment
1617,Thompson Street Entertainment
1618,4 Mecs en Baskets
1619,Rai Fiction
1620,Minerva Pictures Group
1621,Roc-a-Fella Records
1622,Island Def Jam Music Group
1623,Out of Sight Productions
1624,Shady Acres Entertainment
1625,NDE Productions
1626,Global Pictures
1627,Varient
1628,Laundry Films
1629,Green Hummingbird Entertainment
1630,Gold Circle Films
1631,MPH
1632,BR2 Productions
1633,Metroscape Entertainment
1634,Cinema Guild
1635,HBO Video
1636,High Wire Films
1637,Fox Kids Network
1638,Fox Kids Europe Properties
1639,Saban Entertainment
1640,Fox Family Films
1641,Toei Animation Company
1642,Fox Kids International Programming
1643,Quatre Par Quatre Films
1644,Rissi Productions
1645,Jenkins Entertainment
1646,Gaïa Films
1647,Little Bear [fr]
1648,One Shot Productions
1649,MTM Cineteve
1650,SGAE
1651,Tequila Gang
1652,Jost Hering Filmproduktion
1653,Kopelson Entertainment
1654,Artists Management Group
1655,Brilliant Idea Group
1656,hongkongmovie.com
1657,Lower East Side Films
1658,filmpool Film und Fernsehproduktion
1659,Charming Productions Inc.
1660,Illusion Entertainment
1661,Halsted Pictures
1662,Friends India
1663,Satyashwami Entertainment Ltd.
1664,B.O.M. Film Productions Co.
1665,Les Films du Paradoxe
1666,Jam-Hi Prods.
1667,Polish Brothers Construction
1668,Jackpot Film Productions
1669,Australian Film Commission
1670,Scout Productions
1671,Cinema Forever
1672,Alternate Current
1673,Four Oaks Foundation
1674,Amka Films
1675,Craig Anderson Productions
1676,Trilogy Productions
1677,Arenas
1678,Y Production
1679,Blue Moon Productions
1680,Down Home Entertainment
1681,Code Red
1682,Youandwhatarmy Filmed Challenges
1683,Off the Fence Productions
1684,Code Productions
1685,Gener8Xion Entertainment
1686,Haut et Court
1687,Hedayat Film
1688,IFC Productions
1689,Maverick Entertainment
1690,P&#39;Artisan Filmproduktion GmbH [de]
1691,Daybreak Pictures Ltd. [us]
1692,Vif Filmproduktion GmbH [de]
1693,Nest Family Entertainment
1694,Dream Merchants Pictures
1695,Warner Home Video
1696,Parkes/MacDonald
1697,Splendid Pictures
1698,Hearst Entertainment
1699,American Museum of Natural History
1700,Discovery Channel Pictures
1701,Morgan Stanley Dean Witter
1702,Nova
1703,Artist View Entertainment
1704,American Entertainment
1705,Muse Entertainment Enterprises
1706,Michael Alden Productions
1707,Cineric
1708,Winkler Films
1709,pix + stones
1710,Nemesis Vigilante Productions
1711,Constant Communication
1712,Lazy Eight
1713,Farm Fresh Films
1714,Query? Productions
1715,Acoustic Disc
1716,HBO Documentary Films
1717,Sweetwater
1718,SF Norge A/S
1719,Mediastram Film
1720,Delhi Dot Com
1721,Mirabai Films
1722,Pumpkin Productions LLC
1723,Walt Disney Television Animation
1724,Mr. Mudd
1725,98 MPH Productions
1726,American Empirical Pictures
1727,Mordecai Films
1728,Paddy Wagon Productions
1729,Veto Chip Productions
1730,Abandon Pictures
1731,Alliance Cinema
1732,Castel Film Romania
1733,Big Broad Guerrilla Monster
1734,Chateau Wally Films
1735,Battle Royale Prod. Committee
1736,Commercial Drive Productions
1737,Shaw Organisation
1738,Golden Harvest
1739,NBC Studios
1740,BE-Films
1741,Grossbart Barnett Productions
1742,Zaltman Film
1743,Red Wagon Entertainment
1744,Lynda Obst Productions
1745,Equinox Entertainment
1746,National Geographic Society
1747,First Light Production
1748,Meespierson Film CV
1749,Mosaic Media Group
1750,E! Network Productions
1751,Zespol Filmowy &quot;Tor&quot;
1752,HBO Polska
1753,Chaise Lounge Productions LLC
1754,Zion Films
1755,Pathé Distribution
1756,Papazian-Hirsch Entertainment International
1757,Götafilm
1758,TV4 Sweden
1759,Music Television
1760,Siddhi Vinayak Creations
1761,Taunus Film
1762,3B Productions
1763,Tassili Films
1764,Velocity Pictures Inc.
1765,Promark Entertainment Group
1766,Stonelock Pictures
1767,First Look Media
1768,Entitled Entrtainment
1769,Film Movement
1770,A Slice of Pie Productions LLC
1771,DreamWorks
1772,Bluemark Productions
1773,Sea Breeze Productions Inc.
1774,RH2C Productions
1775,Memfis Film &amp; Television [se]
1776,Dramatiska Institutet
1777,Film Väst
1778,Harbinger Pictures
1779,The Bedford Falls Company
1780,Hubert Bals Fund
1781,ViKi
1782,Cinemanomad
1783,Greek Film Centre
1784,Besiktas Kültür Merkezi
1785,Bocek Yapim
1786,Escalon Film
1787,Section Eight Ltd.
1788,Burn Pictures
1789,Production Group
1790,Dreamchamber
1791,Kross Pictures
1792,Suresh Productions
1793,People Media Factory
1794,Illuminations Films
1795,Crazy Dreams Entertainment
1796,Silver Sky Productions
1797,The Sick &amp; Twisted Film Company
1798,D &amp; K Enterprises
1799,Next Wednesday Productions
1800,EuropaCorp
1801,Immortal Entertainment
1802,Seaside Productions
1803,Qian Yian International
1804,Solo Group Productions
1805,InDiGent Entertainment
1806,Electric Entertainment
1807,Keep Your Head
1808,Crusader Entertainment LLC
1809,ARP
1810,WAF Productions
1811,Concorde Pictures
1812,Robert Lawrence Productions
1813,Porchlight Entertainment
1814,Yash Raj Films
1815,PBS Home Video
1816,Oasis Entertainment
1817,A &amp; E
1818,Iron Home Entertainment
1819,TKO Productions
1820,Pandemonium
1821,B9 Films
1822,Mike&#39;s Movies
1823,Hello Hookers
1824,Ego Film Arts
1825,Overseas Film Group
1826,Highwire Films Ltd.
1827,Fantastic Factory
1828,Revere Entertainment
1829,Rainbow Film Company
1830,Gébéka Films
1831,Karz Entertainment
1832,Dorian Films
1833,Genieworks
1834,Film Roman Productions
1835,Film Council
1836,Cutting Edge Entertainment [us]
1837,TNT Originals
1838,R&amp;C Produzioni
1839,Les Films Balenciaga
1840,Maysles Films
1841,Myriad Pictures
1842,Ceska Televize
1843,Just Singer Entertainment
1844,TwoPoundBag Productions
1845,Slough Pond
1846,Lot 47 Films
1847,Zomba Films
1848,ContentFilm
1849,Bentornato Lorenzo Primavera Ltd.
1850,Agi Orsi Productions
1851,Vans Off the Wall
1852,Boom Shadow Pictures
1853,Oria Films
1854,Tape Productions Inc.
1855,Walt Disney Animation
1856,Arc Light Films
1857,Eastern Television
1858,Asiatic Films
1859,Cineluz - Produções Cinematográficas
1860,Working Bear Productions Inc.
1861,Barentsfilm AS
1862,Norsk Film
1863,Epicentre Films
1864,Public Television Service Foundation
1865,Concrete Films
1866,P-Kino
1867,B &amp; C Filmproduktion GmbH [de]
1868,Cascadeur Filmproduktion GmbH [de]
1869,Pavan Films
1870,Wheelhouse
1871,Plymptoons
1872,Vivafilm
1873,Taewon Entertainment
1874,Tele München Fernseh Produktionsgesellschaft
1875,Native Pictures Pro.
1876,Witt/Thomas Productions
1877,Artists Independent Network
1878,CBL
1879,Terra Bella Entertainment
1880,Happy Place
1881,Cosmic Pictures
1882,Urban Media
1883,Fox Television Network
1884,Filmstar Productions Inc.
1885,Silverstar Productions
1886,Kingsize Entertainment
1887,Sisterhood Productions
1888,All Girl Productions
1889,MBST Entertainment
1890,Little More Co. Ltd.
1891,Bayonne Entertainment
1892,Patchett Kaufman Entertainment
1893,El Independent Cinema
1894,Serious Dan
1895,Without a Box
1896,ArtStar Pix
1897,Cosgrove/Meurer Productions
1898,Gran Via
1899,Elizabeth Cantillon Productions
1900,Alibi Films
1901,Wildheart Films
1902,Out of the Blue... Entertainment
1903,Noel Gay Motion Picture Company
1904,Neue Impuls Film GbR
1905,Prokino Filmproduktion [de]
1906,K.G. Productions
1907,Quinta Communications
1908,Mystery Clock Cinema
1909,Cult-Filmproduktionsges.m.b.H
1910,Capitol Films
1911,Playback Productions LLC
1912,Karousel Films
1913,Matthew Davies
1914,Undisputed Productions
1915,Pandora
1916,Destiny [jp]
1917,Samitose Productions [fr]
1918,Victor Company of Japan Ltd.
1919,Seventh Art Releasing
1920,Silver Sphere Corporation
1921,Universal
1922,Primer Plano Film Group S.A.
1923,Northern Lights Films
1924,Hart Sharp Video
1925,Andrea Baynes Productions
1926,FWP Productions
1927,Water Bearer Films Inc.
1928,Mandarin Films
1929,Filmguard
1930,Future Film Financing
1931,Scion Films
1932,Fusion International
1933,Spice Favoy
1934,UniKorea Pictures
1935,Sidus
1936,Dream Venture Capital
1937,Monarchy Enterprises B.V.
1938,Albachiara
1939,Ministero per i Beni e le Attività Culturali
1940,Media Asia Entertainment Group
1941,Czech Television
1942,Hamzeh Mystique Films
1943,Saggitaire
1944,Little Magic Films
1945,Brink Films
1946,Forrest Films
1947,Creature Feature Productions LLC
1948,First Look International
1949,Oleandor Productions
1950,John Wells Productions
1951,Village Roadshow Pictures Entertainment
1952,Diamant Cohen Productions
1953,3H Films
1954,Epidemic Films
1955,Makhmalbaf Film House
1956,J Films
1957,Cineblast Productions
1958,Distribution Co.
1959,Forsyth Films
1960,Image Entertainment
1961,Paramount Classics
1962,Asiatic Associates
1963,TPS Cinéma
1964,Citizen Films
1965,Allegro Filmproduktions GmbH
1966,R.A.P. Filmworks
1967,Filmfonds Wien
1968,Dschoint Ventschr Filmproduktion AG
1969,Studios USA Television
1970,Material
1971,Ognon Pictures
1972,New Horizons Picture Corp.
1973,Toei Video Company
1974,Daiei Motion Picture Company
1975,Excellent Film
1976,Black Knight Productions
1977,Nimbus Film
1978,D Train Productions
1979,Keystone Entertainment
1980,Lee Daniels Entertainment
1981,Rainforest Films
1982,Sandyo Productions
1983,Lone Wolf Documentary Group
1984,Full Moon
1985,Star Overseas
1986,Universe Entertainment
1987,A Band Apart
1988,Project Greenlight
1989,Anarchists&#39; Convention
1990,BKP Film
1991,Milky Way Image Company
1992,New Line Television
1993,Bard Entertainments Ltd. [gb]
1994,Tunnel Vision Productions
1995,Asian Crush
1996,A&amp;E Television Networks
1997,Antena 3 Televisión
1998,Keshet Broadcasting
1999,Tel Aviv
2000,Alliance Atlantis
2001,Globo Films
2002,Avenue Edit
2003,Classified Films
2004,Les Films des Tournelles
2005,Delta Entertainment
2006,Movie Web
2007,Sister Film
2008,Rita Rustic Co.
2009,Folkino Produções Cinematográficas
2010,USA Network
2011,Trilogy Entertainment Group
2012,Downtown Productions
2013,Clifden Productions
2014,Aladdin Entertainment
2015,Cover Story Films
2016,Media Distribution and Film Co
2017,Leonard Hill Films
2018,Panfame Films
2019,Cartoon Network
2020,Burg/Koules Productions
2021,Von Zerneck Sertner Films
2022,Capri Films
2023,Astral Films
2024,Videocine S.A. de C.V.
2025,Dino De Laurentiis Productions
2026,Scared Movie LLC
2027,A-Town Filmworks
2028,Bean-Tyle Productions
2029,Steel Carrot
2030,Solaris
2031,Vanguard Films Production
2032,Blue Train Productions
2033,Vision Films
2034,Sonar Entertainment
2035,IMAX Corporation
2036,Super Cassettes Industries Limited
2037,Lithium Entertainment Group
2038,120 Films
2039,Stu Segall Productions
2040,Crescent City Pictures
2041,Wild Strawberries Pty Ltd.
2042,ASA Film Production A/S
2043,Dan Valley Film AG
2044,Mad House Company Ltd.
2045,Sri Surya Films
2046,Alta Films S.A
2047,Novo Arturo Films
2048,Available Light Production
2049,Dreams Beyond Productions
2050,Andrew Lauren Productions
2051,Guacamole Films
2052,Wanda Visión S.A.
2053,Nirvana Films S.A.
2054,Yongning Creation Workshop
2055,Christine Hakim Film
2056,Broadway Bill Productions
2057,Excel Entertainment
2058,WQED Pittsburgh
2059,Instituto de la Cinematografía y de las Artes Audiovisuales
2060,Patagonik Film Group
2061,Roxy Films
2062,MOOVIE the art of entertainment GmbH
2063,Claymoss Productions
2064,The Visual Transit Authority
2065,Facets
2066,Cinemax Reel Life
2067,WinStar Cinema
2068,Lionsgate Films
2069,SRE Corporation
2070,Loka Motion Productions
2071,Capstone Pictures
2072,Bauer Martinez Studios
2073,Chotzen/Jenner Productions
2074,Wanda Films S.L.
2075,Clockwise Productions
2076,Shin Cine Communications
2077,Rothkirch Cartoon Film
2078,DD Productions
2079,Walt Disney Television
2080,Vanguard Productions
2081,Boondoggle Productions
2082,Oklahoma Network
2083,The Levinson/Fontana Company
2084,Sync Sound Inc.
2085,Buena Vista International
2086,Alliance Atlantis Communicatio
2087,Canadian Film or Video Production Tax Credit
2088,Moving Pictures
2089,Frame Work Entertainment Group
2090,KCET-TV
2091,MediaTrade
2092,Alltime Entertainment
2093,Grosso Jacobson
2094,Coop VidToscopique de Montreal
2095,Film Power Company Limited
2096,Wellspring Media Inc.
2097,Pope Productions
2098,Big Pictures Entertainment
2099,Rare Productions Ltd. [ca]
2100,Axiom Films
2101,ARP Sélection
2102,Canal+ Horizons
2103,Lionsgate
2104,Spike Co. Ltd.
2105,Emperor Multimedia Group
2106,Omega Project
2107,Alpha Group
2108,Doc Diffusion France
2109,Région Centre
2110,Sépia Productions
2111,Tapeworm
2112,Grosso Jacobson Communications Corp.
2113,Evergreen Productions
2114,Left Field Films Ltd
2115,Filma Cass
2116,Fruit Salad Films
2117,ESPN
2118,Crew Neck Productions
2119,Oregon Public Broadcasting
2120,Atelier de Production de la Cambre ASBL
2121,7th Floor
2122,South Pacific Pictures
2123,Visceral Pictures Inc.
2124,Event United
2125,Silicon Valley Film Fund
2126,Big Idea Productions Inc.
2127,Antidote Films
2128,National D-Day Museum Foundation
2129,3 Ring Circus
2130,Concrete Pictures
2131,Holedigger Films Inc.
2132,Palm Pictures
2133,Storyline Entertainment
2134,Producers Circle
2135,Fabled LLC
2136,Simian Tales Productions
2137,Rapid Heart Pictures
2138,Lemon Tree Films
2139,Det Danske Filminstitut
2140,Mercury Productions
2141,teamWorx Television &amp; Film GmbH
2142,Bayerischer Rundfunk
2143,Gambit Film GmbH
2144,BBC Films
2145,American Movie Classics
2146,Have Mercy Pictures Inc.
2147,East Film Company
2148,Acorn Media
2149,GreenHouse Pictures
2150,Mixed Greens Media
2151,Cantina Pictures
2152,Venus Records &amp; Tapes Pvt. Ltd. [in]
2153,Viada Producciones
2154,Cine B
2155,Big Arty
2156,Roc-a-fella Films
2157,Weintraub/Kuhn Productions
2158,Lietuvos Kinostudija
2159,Drotcroft Limited
2160,Cinematografica Sargentina Producciones
2161,Busted Tranny
2162,SKYFILM Studio Ltd.
2163,Guangxi Film Studios
2164,Moxie Firecracker Films
2165,Dodi Pictures
2166,HBO
2167,Raphael Films
2168,GranDelusion
2169,Jane Doe Films
2170,DeepFocus Productions
2171,Elevator Pictures
2172,Moticos Motion Pictures Inc.
2173,2Loop Films
2174,A Loopy Production LLC
2175,Agencja Produkcji Filmowei
2176,R &amp; R Films Inc.
2177,Bollywood/Hollywood Productions
2178,Les Acacias
2179,Screen Siren Pictures
2180,Corus Entertainment
2181,Canadian Broadcasting Corporation
2182,Shuto Entertainment
2183,View Film
2184,Crushedplanet.com
2185,Zero Pictures
2186,Leap Frog Productions
2187,Ira Trattner Productions
2188,Animal Planet
2189,Public Broadcasting Service
2190,Cecchi Gori Group Fin.Ma.Vi.
2191,Nelvana Enterprises
2192,Halestorm Entertainment
2193,Linger Longer
2194,LDS Singles Online
2195,Colorado Film
2196,Brotherhood Pictures
2197,Hellcat Productions
2198,Fox Television
2199,Fragmighty
2200,Valenti Entertainment
2201,Transom Films
2202,Fuji TV Movie
2203,Prime Entertainment Group
2204,Lightstorm Entertainment
2205,Warner Bros. Pictures
2206,Animal Tales Productions Inc.
2207,Gamut Films
2208,Miles Productions
2209,Volpe
2210,Magnolia Pictures
2211,Interview Productions
2212,Josephson Entertainment
2213,Heller Highwater Productions
2214,Like Mike Productions
2215,Network Movie Film- und Fernsehproduktion GmbH &amp; Co. KG
2216,Kinokompaniya CTB
2217,Gimages
2218,A Bad Way Ltd.
2219,Gardner Films
2220,Paul Hough Entertainment
2221,Filmmakers Alliance
2222,Les Productions La Fête Inc. [ca]
2223,Gatekeeper Productions
2224,Merv Griffin Entertainment
2225,Bos Bros. Film &amp; TV Productions
2226,Les Productions du Trésor
2227,Mars Distribution
2228,Sparkling
2229,Nord-Ouest Films
2230,Pendrake Films
2231,Caneo Films
2232,Gimages 5
2233,Reel Indies
2234,Alquimia Cinema S.A.
2235,TeleMadrid
2236,Ensueño Films
2237,Max L. Raab Productions
2238,Langley Productions
2239,MAQ Productions
2240,Carlton Television
2241,Dog Eat Dog Films
2242,United Broadcasting Inc.
2243,Salter Street Films International
2244,Zebra Productions
2245,Ghost Man on Third Productions
2246,Dor Film Produktionsgesellschaft
2247,New Yorker Films
2248,Silent Pictures
2249,Sputnik Oy
2250,Pyramide Productions
2251,Pandora Filmproduktion
2252,Movienet
2253,London Films
2254,FS Film
2255,Modern Artists
2256,Gallant Entertainment
2257,Envision Entertainment
2258,Facets Multimedia
2259,Victoria Dawn Enterprise
2260,Zinkler Films
2261,Tube Pictures
2262,Madras Talkies
2263,Bliss Picture Ltd.
2264,Children&#39;s Film Foundation
2265,Kang Je-Kyu Film Co. Ltd.
2266,I Sinema
2267,Monogram Productions
2268,Simon Films
2269,British Broadcasting Corporation
2270,Calentito
2271,Snee-Oosh Productions
2272,Nickelodeon Animation Studios
2273,Ready Made Film
2274,Rimshot LLC
2275,Videocine
2276,Holysneakers
2277,Media Home Entertainment
2278,BIGFlix
2279,Forensic Films
2280,Asahi National Broadcasting Company
2281,AnimEigo
2282,Mainline Releasing
2283,Second Wave
2284,Odyssee-Film
2285,Lumiere Productions
2286,Paradise Films
2287,AMIP
2288,Chemah I.S.
2289,Zipporah Films
2290,Ventura Film
2291,Fabrica
2292,Televisione Svizzera Italiana
2293,Israeli Film Fund
2294,Dominant 7
2295,Filmalbatros S.r.l.
2296,Ciel Production
2297,Egoli Tossell Films
2298,Cinequest
2299,Momentum Pictures
2300,Scottish Screen
2301,Lita Stantic Producciones
2302,Mayank Arts
2303,Televisión de Galicia
2304,Mediapro
2305,Vía Digital
2306,Elías Querejeta Producciones Cinematográficas S.L.
2307,Quo Vadis Cinéma
2308,Continental Producciones
2309,Eyescreen S.r.l.
2310,Jet Set Productions
2311,York
2312,Troma Entertainment Inc.
2313,Glacier Field LLC
2314,Dansk Tegnefilm
2315,Sunrise
2316,IDTV Film B.V.
2317,Castelao Producciones
2318,MTV Networks
2319,Dickhouse Productions
2320,Lynch Siderow Productions Inc.
2321,Science Museum of Minnesota
2322,Discovery Place
2323,Charlotte
2324,Solaris Film
2325,No Dream Cinema
2326,Mantarraya Producciones
2327,Instituto Mexicano de Cinematografía
2328,Massey Films
2329,MPH Entertainment
2330,Jet Films LLC
2331,Fire Island Films
2332,Applause Pictures
2333,Disney Television Animation
2334,DisneyToon Studios
2335,Wanted Entertainment LLC
2336,Lifetime Television
2337,Open Doors Films
2338,Divergent Thinking Productions
2339,Piranah Pictures
2340,Jigsaw Educational Productions Inc.
2341,Think Tank Films
2342,BocaBoca Producciones
2343,Cinebella Entertainment
2344,Mandalay Entertainment
2345,Les Productions Faire Bleu
2346,Gurpreet International
2347,RKO Radio Pictures
2348,IFC Films
2349,Lama Filmes
2350,Europa Filmes
2351,Goodbye Cruel Releasing
2352,Cinemaker Oy
2353,Media Box Corporation
2354,Angel/Brown Productions
2355,Alpha TV
2356,Alka-Film Zagreb
2357,Metro-Goldwyn
2358,Next Films
2359,MBP
2360,Fitzfilm
2361,ApolloProMedia
2362,Focused Light Films
2363,Kaleidoscope Pictures
2364,Bandai Visual Co. Ltd.
2365,TV Tokyo
2366,Office Kitano
2367,Vision Film Productions
2368,Cinema Service
2369,Lions Gate Releasing
2370,K2
2371,Kaleidoscope Entertainment
2372,Ragin Nation Films
2373,WomanVision Productions
2374,Productions Thalie
2375,Wellspring Media
2376,Von Zerneck-Sertner Films
2377,SnagFilms
2378,Persona Films
2379,Hachette Première
2380,Wovie
2381,21 Century Shengkai Film
2382,China Film Group Corp.
2383,Arjoe Entertainment
2384,Bamdad Film
2385,Olhos de Cao Filmworks
2386,Maximage GmbH
2387,Millenium Film Oy
2388,Farabi Cinema Foundation
2389,A Stressbox Inc.
2390,Pellington Films
2391,OT Films
2392,Israel Cable Programming
2393,Beam Entertainment
2394,Little Wing Films
2395,Drops Entertainment
2396,Box TV
2397,Langjahr Film GmbH
2398,Sahara Films
2399,Fags Make Films
2400,DiC Entertainment
2401,Collingwood O&#39;Hare Entertainment
2402,Eat Your Soup Productions
2403,Siglo
2404,Dai Sil Productions
2405,Basic Pictures
2406,Media Asia Films Ltd. [hk]
2407,RiverRain Productions
2408,Triangle Pillar Group
2409,OÜ Taska Productions
2410,Matila Röhr Productions
2411,Fly By Night Releasing
2412,DiC Enterprises
2413,Zazen Producoes
2414,Kuba Film
2415,Prometheus Entertainment
2416,SilkRoad Pictures
2417,First Run/Icarus Films
2418,Cineanimadores
2419,The Free History Project
2420,HBO Sports
2421,After Freedom
2422,Regal Films
2423,Lightform Productions
2424,NBC Film
2425,Global Television Network
2426,Starlight Films
2427,Red Lizard Films
2428,Figaro Films
2429,Hakuhodo Incorporated
2430,Propane Films LLC
2431,Artangel Media
2432,Kathai Pictures
2433,MTM West Television &amp; Film GmbH
2434,TBS On Demand
2435,History Channel
2436,The
2437,Greek Film Center
2438,F-Seitse
2439,Shochiku Company
2440,Shades of Gray
2441,Women Make Movies
2442,Sautter Films
2443,Yomiuri Telecasting Corporation
2444,The Klockworx Co.
2445,Uplink Co.
2446,Digital Site Corporation
2447,At An Angle Productions
2448,Oz Company Ltd.
2449,All American Pictures
2450,Abject Entertainment
2451,Kaye Levin Entertainment [us]
2452,August Moon Entertainment
2453,Double Edge Entertainement
2454,Gravitas
2455,Extinkt Films
2456,Go Films LLC
2457,Earthworks
2458,Zambuling Pictures Inc.
2459,4Digital Media
2460,Hochschule für Fernsehen und Film München
2461,Mongolkino
2462,Bonfire
2463,Plunge Pictures LLC
2464,Galatée Films
2465,Xi&#39;an Film Studio
2466,MMG Film &amp; TV Production
2467,Korea Pictures
2468,Vinod Chopra Productions
2469,Crossover Films
2470,Pegasus Entertianment Ltd
2471,Mei Ah Films Production
2472,BoSD Films LLC
2473,Istituto Luce
2474,Octagon Films
2475,SamFilm Produktion
2476,Hemisphere Entertainment
2477,Quiet Fire Productions
2478,One for the Road Films
2479,Homegreen Films
2480,Telespan 2000 S.L.
2481,Estudios Piccaso
2482,Gospel of John Ltd.
2483,Jowoo Entertainment
2484,Tube Entertainment
2485,Blue Streak Films
2486,S&amp;W Entertainment Limited
2487,High Yellow Productions
2488,Big Pictures Media Corporation
2489,Allan King Associates
2490,Over Easy Productions
2491,Shakey Pictures
2492,Pluck Productions
2493,Darlow Smithson Productions
2494,Yes Men Films LLC
2495,Arenaplex Entertainment
2496,ArenaPlex LLC
2497,Newmark/Echelon
2498,ImageReal Pictures
2499,Shout! Factory
2500,Dapper Cat Pictures
2501,S&amp;H Productions
2502,Pachuco Entertainment
2503,Black Canyon Productions
2504,Granada Television
2505,Avrio Filmworks
2506,Locked Horns Productions
2507,New Dominion Pictures
2508,Goldhil Video
2509,Andes Films
2510,Actual Films
2511,Principe Productions
2512,V. Creations
2513,Urcunina Films
2514,Frameline
2515,Vaishno Academy
2516,Icarus Films
2517,Komplizen Film GbR
2518,KaufmannWöbke GbR
2519,Crappy World Films
2520,ZIJI Film &amp; Television
2521,Enrique Cerezo Producciones Cinematográficas S.A.
2522,Filmkombinat GmbH &amp; Co. KG
2523,La Fete Production
2524,Marchant Pereira
2525,Premiere Productions
2526,Stardust Filmverleih
2527,Enlightened Pictures
2528,BET Networks/Viacom
2529,Black Entertainment Network
2530,Black &amp; White Productions
2531,Yona Productions
2532,Les Grands Films Classiques
2533,MGM Home Entertainment
2534,Von Piglet Sisters
2535,Viz Media
2536,Shogakukan Productions
2537,Media Co-op
2538,Sawed-Off Collaboratory Productions
2539,Reality Film
2540,MFIV
2541,Eesti Joonisfilm
2542,Nite B4 Productions
2543,MK2 International
2544,Tai Seng Entertainment
2545,Pritish Nandy Communications
2546,Estúdios Mega
2547,Full Moon Pictures
2548,Shadow Entertainment
2549,Oscar Films
2550,Uncommon Productions
2551,Look Now!
2552,Thirteen/WNET New York
2553,UrbanWorks Entertainment
2554,Eros International
2555,INHD
2556,Discovery Films
2557,Film4
2558,Abject Films
2559,Baraka Productions
2560,Aland Pictures
2561,KTEH
2562,Cottonport Holdings
2563,Mug-Shot Productions
2564,Dragonfly Films
2565,National Geographic
2566,Onrog Productions
2567,Virtigo Films
2568,Royal Road Entertainment
2569,Threshold Digital Research Labs
2570,Miracle Entertainment
2571,Scala Productions
2572,Paethon World
2573,British Lion Film Corporation
2574,Morning Star Pictures
2575,In My Sleep Film Production
2576,7th Rig
2577,Laika
2578,Exodus Film Group
2579,Jerry Leider Company
2580,Videofilmes Producoes Artisticas
2581,MK2 Films
2582,Michael Mailer Films
2583,Zehnte Babelsberg
2584,Netflix
2585,Contender Films
2586,Cast Iron Films
2587,Cross Creek Pictures
2588,Exclusive Media
2589,Double Feature Films
2590,Legendary Pictures
2591,Imagi Animation Studios
2592,GK Films
2593,Rocket Pictures
2594,Brooklyn Reptyle Productions
2595,Class 5 Films
2596,Wild Things
2597,Walt Disney Studios
2598,Shangri-La Entertainment
2599,David Permut Productions
2600,Elsani Film
2601,LD Entertainment
2602,Lloyd Levin
2603,Fairview Entertainment
2604,K/O Paper Products
2605,Platinum Studios
2606,Crystal Sky Pictures
2607,GAGA
2608,Dreamscape Cinema
2609,Coup d&#39;Etat Films
2610,Vineyard Point Productions
2611,Attaboy Films
2612,C Yapim Filmcilik Produksiyon
2613,RIMO Productions
2614,Everyman Pictures
2615,The Picture Company
2616,Ghost House Pictures
2617,INCAA
2618,Channel One Russia
2619,Non-Stop Productions
2620,Leningrad Prodakshn
2621,21 Laps Entertainment
2622,Montford Murphy
2623,Paradise Productions
2624,Tonik
2625,As Is Productions
2626,Paramount Home Video
2627,Moritz Borman
2628,Wonderland Sound and Vision
2629,2.4.7. Films
2630,Emon
2631,Big Talk
2632,Iris Productions
2633,Escape Artists
2634,Tashtego Films
2635,Toronto Pictures
2636,Mad Ghost Productions
2637,DC Entertainment
2638,Seven Bucks Productions
2639,Safran Company
2640,DreamWorks Animation
2641,Pleased Sheep Productions
2642,Depth of Field
2643,Xeno Films
2644,Cruel and Unusual
2645,Coming Attractions LLC
2646,Plan B Entertainment
2647,Nick Wechsler
2648,Xperience Films LLC
2649,Haishang Films
2650,Gil Netter
2651,Community Films
2652,Participant Media
2653,Zhiv
2654,BDS Productions
2655,Sid &amp; Marty Krofft
2656,Mosaic
2657,Wildgaze Films
2658,DCM Productions
2659,Ufa Cinema
2660,AR Films
2661,Seed
2662,Room
2663,Left Bank Pictures
2664,Lemon Films
2665,Smoke Screen Films
2666,Petri Dish Productions
2667,Weinstein Company
2668,Ficus
2669,Infinity Entertainment
2670,Camelot Pictures
2671,Screen Media
2672,Baby Cow Productions
2673,Island Gateway Films
2674,Mania Films LLC
2675,DNA Films
2676,Mann Made Films
2677,Brian Grazer
2678,Kerner Entertainment
2679,Chartoff-Winkler Productions
2680,IndustryWorks Pictures
2681,Prelude Pictures
2682,Highroad
2683,Heavy Productions
2684,Andell Entertainment
2685,Bevan-Fellner
2686,Prospect Park
2687,Cottonwood Pictures
2688,Marvel Studios
2689,Relativity
2690,Atlas Prods.
2691,Weed Road Pictures
2692,Gizmo Prods.
2693,Corner Store Entertainment
2694,Pretty Dangerous Films
2695,StarCrest Media
2696,Tax Shelter ING Invest de Tax Shelter Productions
2697,Belgacom TV
2698,Broadcasting Commission of Ireland
2699,Cartoon Saloon
2700,Kinepolis Multi
2701,Conseil Général de la Charente
2702,Télédistributeurs Wallons
2703,Bórd Scannán na hÉireann
2704,EU Media Plus Program
2705,MEDIA Programme of the European Union
2706,Vlaams Audiovisueel Fonds
2707,Vivi Film
2708,Wallimage
2709,Conseil Régional de Poitou Charentes
2710,Piste Rouge
2711,CinéCinéma
2712,Les Armateurs
2713,Promimage
2714,Centre du Cinéma et de l&#39;Audiovisuel de la Communauté Française de Belgique
2715,Euroimages Fund of the Council of Europe
2716,First Cinema Pictures
2717,Spry Brothers Films
2718,Dark Portal LLC
2719,2S Films
2720,Wild Ocean Films
2721,Integrated Films
2722,Fill More Entertainment
2723,Parr Pictures
2724,66 Productions
2725,Londinium Films
2726,Huntsman Productions
2727,RatPac-Dune Entertainment
2728,Panay Films
2729,Primate Pictures
2730,Day Dreamer Films
2731,Phase 4 Films
2732,Toonz Entertainment
2733,Waddieish Claretrap
2734,Vertigo Entertainment
2735,Benderspink
2736,Kinesis Entertainment
2737,Bway Artists
2738,Dune
2739,Ingenious Film Partners
2740,LSL Productions
2741,Platinum Dunes
2742,Parts &amp; Labor
2743,Rollin&#39; Deep Productions
2744,Blue Star Pictures
2745,Ilion Animation Studios
2746,Lila 9th Productions
2747,The Boathouse
2748,Windward Entertainment
2749,Work After Midnight Films
2750,Elzévir Films
2751,EMC Films
2752,Norddeutscher Rundfunk
2753,TPS Star
2754,Conseil Général des Côtes d&#39;Armor
2755,Conseil Général du Morbihan
2756,HH Sheikha Salama bint Hamdan Al Nahyan
2757,Conseil Régional du Calvados
2758,Région Bretagne
2759,Ministère du Développement Durable et de la Mer
2760,JMH-TSR
2761,Centre national de la Cinématographie
2762,Notro Films
2763,S.L.
2764,Région Basse-Normandie
2765,Angoa-Agicoa
2766,France Télévision
2767,GRF Productions
2768,Rainmaker Entertainment
2769,Sampson Enterprises
2770,Contrafilm
2771,Against the Wind Films
2772,New Sky Films
2773,Syncopy
2774,Genre Company
2775,Benaroya Pictures
2776,ATO Pictures
2777,Django Films
2778,Gigantic Pictures
2779,Lotus Film
2780,Hollywood Gang
2781,Wingman Productions
2782,Imprint Entertainment
2783,Di Bonaventura Pictures
2784,Shut Up &amp; Shoot Pictures
2785,Stuber Pictures
2786,Rhone-Alps Films
2787,Studio 37
2788,SSS Entertainment
2789,Foresight Unlimited
2790,Provocator
2791,Lightbox Pictures
2792,Scope Pictures
2793,Animus Films
2794,Salty Features
2795,Sunday Night
2796,Carousel
2797,Truth in Creativity Productions
2798,Voltage Pictures
2799,Evolution Independent
2800,R2 Films
2801,Papi Chulo
2802,The Mark Gordon Company
2803,Oscilloscope Films
2804,Sherazade Film Development
2805,Omnilab Media
2806,Tom Cruise
2807,Misher Films
2808,Anonymous Content
2809,T.D. Jakes Ministries
2810,Duke Media
2811,Overnight Films
2812,Thunder Road Productions
2813,ScreenWest
2814,Woss Group Film Productions
2815,Screen Australia
2816,South Australian Film Corporation
2817,Endymion Films Inc.
2818,Essential Entertainment
2819,Blizzard Entertainment
2820,Likely Story
2821,Voodoo Production Services
2822,Picture Media
2823,A-Mark Entertainment
2824,Parallel Media
2825,FlipZide Pictures
2826,Project 8 Films
2827,ZDF/Arte
2828,Ex Nihilo
2829,Zik Zak Kvikmyndir
2830,Wild Bunch
2831,Mayhem Pictures
2832,Blumhouse
2833,Werc Werk Works
2834,Hopscotch Productions
2835,Jan Chapman Pictures
2836,Pathé Renn Productions
2837,UK Film Council
2838,New South Wales Film &amp; Television Office
2839,Pretty Pictures
2840,Major Independents
2841,Broken Road
2842,Lipsync Productions
2843,Televisión Federal
2844,Felton Entertainment
2845,Avatar Entertainment Group
2846,Duplass Brothers
2847,Karma Pictures
2848,Giant Films
2849,Spectrum Media Entertainment
2850,Phoenix Film Partners
2851,Sunswept Entertainment
2852,Code Entertainment
2853,Maverick Films
2854,The Rainbow Film Company
2855,Conan Properties Intl.
2856,Plan B Films
2857,2DUX2
2858,Wayne Rice
2859,iQ Films
2860,Steelyard Pictures
2861,Jon Shestack
2862,Krasnoff/Foster Entertainment
2863,Michael De Luca
2864,Stars Road Entertainment
2865,Egoli Tossell Film
2866,Production Center of Andrei Konchalovsky
2867,Zephyr Films
2868,Sam Film GmbH - München
2869,Platinum Media Group
2870,Boundless Pictures
2871,Eqlipse Producciones Cinematográficas
2872,Walker/Cable Productions
2873,Annapurna Pictures
2874,Alliance
2875,12 AM Pictures
2876,Sam Logan Khaleghi Films
2877,Sony Pictures Animation
2878,Thunder Road Film
2879,Plum Pictures
2880,Craven/Cunningham/Maddalena
2881,Blue Yonder Films
2882,Kanbar Entertainment
2883,MSK Films
2884,El Camino Films
2885,Black Sand Pictures
2886,Soho Screen Productions
2887,Buffalo Speedway Film Co.
2888,Deerjen Films
2889,Merchant Pacific Corporation
2890,Michael Mailer
2891,Cinema Epoch
2892,Vertigo Films
2893,Embargo Films
2894,Ambush Entertainment
2895,Tax Credit Finance
2896,King Bolden
2897,Euromax Films
2898,Khara
2899,Tokyo Broadcasting System
2900,Kadokawa
2901,PDI
2902,Bullwinkle Studios
2903,26 Films
2904,Steakhaus Productions
2905,Secret Identity Productions
2906,Alchemedia Films
2907,Corvus Corax
2908,The Harvey Boys
2909,Weinstein Brothers
2910,Lucamar
2911,Cine-Marais
2912,Code Black Entertainment
2913,Alumbra Films
2914,Great Wight
2915,Cultural Animal
2916,Think Pictures
2917,The Sugar Box Company
2918,Tropico Corporation
2919,Yale Productions
2920,Shakti Productions
2921,Prana Animation Studios
2922,Will Packer Productions
2923,Echo Films
2924,Mandate Pictures
2925,Four by Two Films
2926,Capcom
2927,Adlabs Films
2928,Main Street Movie Company
2929,Radar Pictures
2930,Gilbert Films
2931,Element Films
2932,Foundry Films
2933,Zucker Productions
2934,Olive Bridge Entertainment
2935,Camp/Thompson Pictures
2936,Qwerty Films
2937,Birdie
2938,Revolver Films
2939,Morbid Mind Productions
2940,Entropy Entertainment
2941,Bipolar Films
2942,Stockholm Syndrome Film
2943,River Road
2944,Battle Mountain Films
2945,Strike Entertainment
2946,Bel Pix
2947,Polaris Film
2948,Quasar Pictures
2949,Sycamore Pictures
2950,Farah Films
2951,Paramount Vantage
2952,Groundswell Productions
2953,Omni Films
2954,Prescience
2955,Matador Pictures
2956,Entertainment Motion Pictures
2957,Arcadia Motion Pictures
2958,Swipe Films
2959,Cherrific Entertainment
2960,Beaglepug
2961,Eyeworks Film &amp; TV Drama
2962,Blackbird
2963,Wandering Trail Pictures
2964,Global Effects
2965,Vertigo
2966,Southern Light
2967,Bog Body Films
2968,Tunnel Post
2969,Smokewood Entertainment Group
2970,Olympia Pictures
2971,Odd Lot Entertainment
2972,Blossom Films
2973,Hope Productions LLC
2974,Hill &amp; Brand
2975,Silent Hill 2 DCP
2976,Apipoulaï
2977,Avalanche Productions
2978,MGM/The Weinstein Co.
2979,Mark Gordon Productions
2980,Stone Canyon
2981,Revolution
2982,Seraphim Films
2983,Windy Hill Pictures
2984,Hartbreak Films
2985,Louisiana Media Productions
2986,Em &amp; Me Productions
2987,King Isthmus Films
2988,Galatia Films
2989,Tonic Films LLC
2990,Wingman Pictures
2991,Indie Crush
2992,Zyzak Film Company
2993,Hindsight Films Ltd.
2994,Two Camels Films
2995,Closest to the Hole
2996,Mandeville Films
2997,Evolving Productions
2998,01 Distribution
2999,The American Film Company
3000,Two Lagoons Productions
3001,Avantmark Pictures
3002,Big Wave Productions Ltd.
3003,Upturn Productions
3004,Infinity Media
3005,Art Pictures Studio
3006,Smithfield Street Productions
3007,Cineville
3008,Offspring Entertainment
3009,Goldsmith-Thomas Productions
3010,Walden Media
3011,Blank Films
3012,Clay Bros. Motion Pictures
3013,Melodrama Pictures
3014,Burg-Koules
3015,Mark Johnson
3016,Lucky Crow Films
3017,Drummer Boy Pictures
3018,Multiple Avenue Releasing
3019,New Films International
3020,Atmo Media Network
3021,Sandrew Metronome
3022,Tordenfilm AS
3023,R-Squared Films
3024,Top Shelf
3025,Araneo
3026,Skyline Entertainment
3027,Epidem
3028,Wigram Productions
3029,Temple Hill
3030,Chic Films
3031,New Horizon Pictures
3032,Rainmark Films
3033,Rhapsody Production
3034,Laynfaroh Productions
3035,Focus Features
3036,Sechzehnte Babelsberg Film
3037,Holleran Company
3038,Appian Way
3039,Emjag
3040,Sikelia
3041,AJ Productions
3042,Films In Motion
3043,ARD Degeto Film
3044,Liberty Films International
3045,Seine Pictures
3046,Doug Silton Productions
3047,Leopard Drama
3048,Puncture Wounds
3049,Indie Entertainment
3050,Battleplan Productions
3051,Dog Green Productions
3052,Beachside Films
3053,Medalia Productions
3054,Versatile Films
3055,Double E Pictures
3056,Live Nation Productions
3057,SuperFilms!
3058,Parris Pictures
3059,Treehead Films
3060,AWW Germany GmbH
3061,Kidshow
3062,XYZ Films
3063,Grade Five Films
3064,CNN Films
3065,Mandarin Motion Pictures
3066,Anthem Pictures
3067,Number 9 Films
3068,Premiere Picture
3069,Irish Film Board
3070,Ron Lee Productions
3071,NFB
3072,Ciesla Foundation
3073,Rising Creek
3074,Glimmer Films
3075,Nikkatsu
3076,eOne
3077,Sony Music
3078,Trafalgar Releasing
3079,Cosmic Bliss Pictures
3080,Taublieb Films
3081,Pink Machine
3082,Tree Line
3083,Todd Garner
3084,One Race Productions
3085,Axia Films
3086,Ashok Amritraj
